"Dist Code","Year","State Code","State Name","Dist Name","NITROGEN KHARIF CONSUMPTION (tons)","NITROGEN RABI CONSUMPTION (tons)","PHOSPHATE KHARIF CONSUMPTION (tons)","PHOSPHATE RABI CONSUMPTION (tons)","POTASH KHARIF CONSUMPTION (tons)","POTASH RABI CONSUMPTION (tons)","TOTAL KHARIF CONSUMPTION (tons)","TOTAL RABI CONSUMPTION (tons)"
"83","1990","11","Tamil Nadu","Chengalpattu MGR / Kanchipuram","11361.0","24967.0","6337.0","8963.0","5425.0","10058.0","23123.0","43988.0"
"83","1991","11","Tamil Nadu","Chengalpattu MGR / Kanchipuram","12320.0","21044.0","6288.0","8053.0","6011.0","6693.0","24619.0","35790.0"
"83","1992","11","Tamil Nadu","Chengalpattu MGR / Kanchipuram","12364.0","23705.0","5838.0","8557.0","5207.0","6012.0","23409.0","38274.0"
"83","1993","11","Tamil Nadu","Chengalpattu MGR / Kanchipuram","9899.0","24735.0","4262.0","9558.0","3402.0","8988.0","17563.0","43281.0"
"83","1994","11","Tamil Nadu","Chengalpattu MGR / Kanchipuram","11179.0","27380.0","6027.0","9683.0","5801.0","8459.0","23007.0","45522.0"
"83","1995","11","Tamil Nadu","Chengalpattu MGR / Kanchipuram","13870.0","30843.0","4955.0","7674.0","5476.0","6662.0","24301.0","45179.0"
"83","1996","11","Tamil Nadu","Chengalpattu MGR / Kanchipuram","11901.0","23821.0","3803.0","8887.0","2353.0","7158.0","18057.0","39866.0"
"83","1997","11","Tamil Nadu","Chengalpattu MGR / Kanchipuram","12976.0","24716.0","5852.0","8516.0","4618.0","8337.0","23446.0","41569.0"
"83","1998","11","Tamil Nadu","Chengalpattu MGR / Kanchipuram","-1.0","-1.0","-1.0","-1.0","-1.0","-1.0","-1.0","-1.0"
"83","1999","11","Tamil Nadu","Chengalpattu MGR / Kanchipuram","-1.0","-1.0","-1.0","-1.0","-1.0","-1.0","-1.0","-1.0"
"83","2000","11","Tamil Nadu","Chengalpattu MGR / Kanchipuram","19261.0","22797.0","6733.0","9196.0","3317.0","6831.0","29311.0","38824.0"
"83","2001","11","Tamil Nadu","Chengalpattu MGR / Kanchipuram","12874.0","28966.0","4710.0","11679.0","3216.0","9051.0","20800.0","49696.0"
"83","2002","11","Tamil Nadu","Chengalpattu MGR / Kanchipuram","15299.0","22117.0","4734.0","8941.0","3121.0","8650.0","23154.0","39708.0"
"83","2003","11","Tamil Nadu","Chengalpattu MGR / Kanchipuram","9837.0","21095.0","5008.0","8316.0","4347.0","8299.0","19192.0","37710.0"
"83","2004","11","Tamil Nadu","Chengalpattu MGR / Kanchipuram","13138.0","25768.0","7198.0","9514.0","8916.0","12709.0","29252.0","47991.0"
"83","2005","11","Tamil Nadu","Chengalpattu MGR / Kanchipuram","17742.0","26622.0","9430.0","10902.0","9673.0","14038.0","36845.0","51562.0"
"83","2006","11","Tamil Nadu","Chengalpattu MGR / Kanchipuram","21179.0","21508.0","10405.0","9836.0","8274.0","5497.0","39858.0","36841.0"
"83","2007","11","Tamil Nadu","Chengalpattu MGR / Kanchipuram","10759.0","26062.0","5278.0","15298.0","3560.0","18228.0","19597.0","59588.0"
"83","2008","11","Tamil Nadu","Chengalpattu MGR / Kanchipuram","12564.0","24887.0","6623.0","12637.0","14028.0","9318.0","33215.0","46842.0"
"83","2009","11","Tamil Nadu","Chengalpattu MGR / Kanchipuram","15620.0","27590.0","7997.0","9820.0","3882.0","9363.0","27499.0","46773.0"
"83","2010","11","Tamil Nadu","Chengalpattu MGR / Kanchipuram","16273.0","28415.0","13738.0","12437.0","4165.0","8457.0","34176.0","49309.0"
"83","2011","11","Tamil Nadu","Chengalpattu MGR / Kanchipuram","15498.0","24793.0","8786.0","10579.0","2089.0","7368.0","26373.0","42740.0"
"83","2012","11","Tamil Nadu","Chengalpattu MGR / Kanchipuram","15212.0","26977.0","6794.0","7893.0","1858.0","5015.0","23864.0","39885.0"
"83","2013","11","Tamil Nadu","Chengalpattu MGR / Kanchipuram","17813.0","26143.0","6007.0","8118.0","2947.0","4683.0","26767.0","38944.0"
"83","2014","11","Tamil Nadu","Chengalpattu MGR / Kanchipuram","16681.0","25449.0","5105.0","9650.0","2336.0","4533.0","24122.0","39632.0"
"83","2015","11","Tamil Nadu","Chengalpattu MGR / Kanchipuram","14032.0","30910.0","5615.0","11171.0","2161.0","5636.0","21808.0","47717.0"
"83","2016","11","Tamil Nadu","Chengalpattu MGR / Kanchipuram","17222.0","24457.0","7909.0","8782.0","2738.0","5459.0","27869.0","38698.0"
"83","2017","11","Tamil Nadu","Chengalpattu MGR / Kanchipuram","12168.0","33190.0","4768.0","12815.0","2577.0","7058.0","19513.0","53063.0"
"84","1990","11","Tamil Nadu","South Arcot / Cuddalore","16764.0","27259.0","8862.0","9773.0","12635.0","13412.0","38261.0","50444.0"
"84","1991","11","Tamil Nadu","South Arcot / Cuddalore","14965.0","26091.0","7226.0","8886.0","10364.0","14625.0","32555.0","49602.0"
"84","1992","11","Tamil Nadu","South Arcot / Cuddalore","17563.0","34331.0","8675.0","11256.0","9438.0","9045.0","35676.0","54632.0"
"84","1993","11","Tamil Nadu","South Arcot / Cuddalore","15561.0","33586.0","7053.0","11842.0","7041.0","13709.0","29655.0","59137.0"
"84","1994","11","Tamil Nadu","South Arcot / Cuddalore","22193.0","34152.0","11396.0","11120.0","13870.0","13744.0","47459.0","59016.0"
"84","1995","11","Tamil Nadu","South Arcot / Cuddalore","20619.0","26256.0","7367.0","9509.0","10017.0","11064.0","38003.0","46829.0"
"84","1996","11","Tamil Nadu","South Arcot / Cuddalore","22530.0","38115.0","8211.0","12703.0","9384.0","13179.0","40125.0","63997.0"
"84","1997","11","Tamil Nadu","South Arcot / Cuddalore","23609.0","33135.0","10908.0","12000.0","12254.0","12911.0","46771.0","58046.0"
"84","1998","11","Tamil Nadu","South Arcot / Cuddalore","-1.0","-1.0","-1.0","-1.0","-1.0","-1.0","-1.0","-1.0"
"84","1999","11","Tamil Nadu","South Arcot / Cuddalore","-1.0","-1.0","-1.0","-1.0","-1.0","-1.0","-1.0","-1.0"
"84","2000","11","Tamil Nadu","South Arcot / Cuddalore","28282.0","35208.0","9593.0","17604.0","9970.0","14715.0","47845.0","67527.0"
"84","2001","11","Tamil Nadu","South Arcot / Cuddalore","22514.0","42161.0","9509.0","16089.0","9414.0","16164.0","41437.0","74414.0"
"84","2002","11","Tamil Nadu","South Arcot / Cuddalore","18026.0","30404.0","6488.0","10158.0","8621.0","10509.0","33135.0","51071.0"
"84","2003","11","Tamil Nadu","South Arcot / Cuddalore","17527.0","33478.0","7417.0","14596.0","8949.0","11936.0","33893.0","60010.0"
"84","2004","11","Tamil Nadu","South Arcot / Cuddalore","21347.0","41215.0","13831.0","17346.0","12881.0","18284.0","48059.0","76845.0"
"84","2005","11","Tamil Nadu","South Arcot / Cuddalore","28156.0","43814.0","16548.0","21053.0","13920.0","20472.0","58624.0","85339.0"
"84","2006","11","Tamil Nadu","South Arcot / Cuddalore","35478.0","35742.0","20225.0","15188.0","12300.0","15920.0","68003.0","66850.0"
"84","2007","11","Tamil Nadu","South Arcot / Cuddalore","21292.0","34658.0","10812.0","9881.0","10525.0","14089.0","42629.0","58628.0"
"84","2008","11","Tamil Nadu","South Arcot / Cuddalore","26367.0","41353.0","9351.0","11356.0","13432.0","24117.0","49150.0","76826.0"
"84","2009","11","Tamil Nadu","South Arcot / Cuddalore","26800.0","46127.0","11280.0","14205.0","13048.0","25073.0","51128.0","85405.0"
"84","2010","11","Tamil Nadu","South Arcot / Cuddalore","29198.0","51412.0","14153.0","17119.0","16075.0","21128.0","59426.0","89659.0"
"84","2011","11","Tamil Nadu","South Arcot / Cuddalore","43456.0","51136.0","17379.0","22453.0","6873.0","22979.0","67708.0","96568.0"
"84","2012","11","Tamil Nadu","South Arcot / Cuddalore","35092.0","55016.0","15415.0","18713.0","5510.0","13989.0","56017.0","87718.0"
"84","2013","11","Tamil Nadu","South Arcot / Cuddalore","36989.0","50601.0","11510.0","16849.0","8989.0","12860.0","57488.0","80310.0"
"84","2014","11","Tamil Nadu","South Arcot / Cuddalore","38254.0","56354.0","12782.0","20014.0","11788.0","15727.0","62824.0","92095.0"
"84","2015","11","Tamil Nadu","South Arcot / Cuddalore","37420.0","68236.0","12717.0","24131.0","10174.0","14783.0","60311.0","107150.0"
"84","2016","11","Tamil Nadu","South Arcot / Cuddalore","37937.0","44686.0","15994.0","16080.0","9933.0","13984.0","63864.0","74750.0"
"84","2017","11","Tamil Nadu","South Arcot / Cuddalore","22342.0","62795.0","8132.0","23771.0","10289.0","18072.0","40763.0","104638.0"
"85","1990","11","Tamil Nadu","North Arcot / Vellore","11488.0","23107.0","6366.0","8703.0","6825.0","10682.0","24679.0","42492.0"
"85","1991","11","Tamil Nadu","North Arcot / Vellore","11237.0","27408.0","6146.0","11341.0","6250.0","11294.0","23633.0","50043.0"
"85","1992","11","Tamil Nadu","North Arcot / Vellore","12900.0","26122.0","5407.0","8259.0","7383.0","7306.0","25690.0","41687.0"
"85","1993","11","Tamil Nadu","North Arcot / Vellore","11701.0","27479.0","4696.0","11103.0","5347.0","10941.0","21744.0","49523.0"
"85","1994","11","Tamil Nadu","North Arcot / Vellore","15730.0","33563.0","7473.0","10520.0","9447.0","11188.0","32650.0","55271.0"
"85","1995","11","Tamil Nadu","North Arcot / Vellore","16970.0","25801.0","6601.0","8335.0","6520.0","9349.0","30091.0","43485.0"
"85","1996","11","Tamil Nadu","North Arcot / Vellore","15468.0","37325.0","4603.0","12761.0","5468.0","9028.0","25539.0","59114.0"
"85","1997","11","Tamil Nadu","North Arcot / Vellore","22294.0","30849.0","10708.0","10961.0","11007.0","10655.0","44009.0","52465.0"
"85","1998","11","Tamil Nadu","North Arcot / Vellore","-1.0","-1.0","-1.0","-1.0","-1.0","-1.0","-1.0","-1.0"
"85","1999","11","Tamil Nadu","North Arcot / Vellore","-1.0","-1.0","-1.0","-1.0","-1.0","-1.0","-1.0","-1.0"
"85","2000","11","Tamil Nadu","North Arcot / Vellore","18977.0","33119.0","6522.0","11796.0","5863.0","9774.0","31362.0","54689.0"
"85","2001","11","Tamil Nadu","North Arcot / Vellore","14536.0","36382.0","6340.0","14480.0","5859.0","15935.0","26735.0","66797.0"
"85","2002","11","Tamil Nadu","North Arcot / Vellore","13747.0","21355.0","5179.0","6891.0","5453.0","5947.0","24379.0","34193.0"
"85","2003","11","Tamil Nadu","North Arcot / Vellore","12218.0","25130.0","5669.0","9390.0","6002.0","6319.0","23889.0","40839.0"
"85","2004","11","Tamil Nadu","North Arcot / Vellore","15519.0","30610.0","8470.0","10779.0","6764.0","9475.0","30753.0","50864.0"
"85","2005","11","Tamil Nadu","North Arcot / Vellore","21135.0","32624.0","10648.0","13169.0","7375.0","10561.0","39158.0","56354.0"
"85","2006","11","Tamil Nadu","North Arcot / Vellore","26971.0","32190.0","12954.0","13782.0","6600.0","12018.0","46525.0","57990.0"
"85","2007","11","Tamil Nadu","North Arcot / Vellore","18306.0","40979.0","8860.0","15016.0","9801.0","17103.0","36967.0","73098.0"
"85","2008","11","Tamil Nadu","North Arcot / Vellore","26005.0","45034.0","9300.0","12504.0","14294.0","17879.0","49599.0","75417.0"
"85","2009","11","Tamil Nadu","North Arcot / Vellore","22355.0","41870.0","11835.0","13724.0","8465.0","20834.0","42655.0","76428.0"
"85","2010","11","Tamil Nadu","North Arcot / Vellore","23203.0","48459.0","11001.0","17270.0","8584.0","17948.0","42788.0","83677.0"
"85","2011","11","Tamil Nadu","North Arcot / Vellore","32462.0","45706.0","14643.0","19248.0","6309.0","15664.0","53414.0","80618.0"
"85","2012","11","Tamil Nadu","North Arcot / Vellore","28074.0","47473.0","11570.0","14546.0","7294.0","8624.0","46938.0","70643.0"
"85","2013","11","Tamil Nadu","North Arcot / Vellore","28916.0","39261.0","9101.0","11705.0","8136.0","6940.0","46153.0","57906.0"
"85","2014","11","Tamil Nadu","North Arcot / Vellore","22801.0","38851.0","6903.0","13886.0","5040.0","9469.0","34744.0","62206.0"
"85","2015","11","Tamil Nadu","North Arcot / Vellore","20552.0","62521.0","7784.0","19858.0","4701.0","10640.0","33037.0","93019.0"
"85","2016","11","Tamil Nadu","North Arcot / Vellore","25932.0","32578.0","10182.0","12216.0","6442.0","8690.0","42556.0","53484.0"
"85","2017","11","Tamil Nadu","North Arcot / Vellore","15225.0","53205.0","5651.0","17449.0","6275.0","12049.0","27151.0","82703.0"
"86","1990","11","Tamil Nadu","Salem","10029.0","15116.0","5947.0","6062.0","13061.0","8203.0","29037.0","29381.0"
"86","1991","11","Tamil Nadu","Salem","9970.0","23925.0","5478.0","9324.0","11383.0","8432.0","26831.0","41681.0"
"86","1992","11","Tamil Nadu","Salem","12935.0","23812.0","6494.0","8493.0","9865.0","7552.0","29294.0","39857.0"
"86","1993","11","Tamil Nadu","Salem","13057.0","20021.0","6615.0","9064.0","8928.0","10388.0","28600.0","39473.0"
"86","1994","11","Tamil Nadu","Salem","14684.0","21473.0","8627.0","7589.0","13589.0","12018.0","36900.0","41080.0"
"86","1995","11","Tamil Nadu","Salem","15335.0","19711.0","6200.0","6646.0","9641.0","9139.0","31176.0","35496.0"
"86","1996","11","Tamil Nadu","Salem","12184.0","28803.0","4956.0","10357.0","7629.0","9260.0","24769.0","48420.0"
"86","1997","11","Tamil Nadu","Salem","20258.0","22712.0","10507.0","9557.0","17451.0","8790.0","48216.0","41059.0"
"86","1998","11","Tamil Nadu","Salem","-1.0","-1.0","-1.0","-1.0","-1.0","-1.0","-1.0","-1.0"
"86","1999","11","Tamil Nadu","Salem","-1.0","-1.0","-1.0","-1.0","-1.0","-1.0","-1.0","-1.0"
"86","2000","11","Tamil Nadu","Salem","21769.0","28340.0","10790.0","11820.0","12592.0","11143.0","45151.0","51303.0"
"86","2001","11","Tamil Nadu","Salem","15967.0","28971.0","8758.0","12939.0","13920.0","11120.0","38645.0","53030.0"
"86","2002","11","Tamil Nadu","Salem","13721.0","20558.0","5847.0","6373.0","9762.0","6753.0","29330.0","33684.0"
"86","2003","11","Tamil Nadu","Salem","10797.0","16572.0","5565.0","7945.0","9557.0","10357.0","25919.0","34874.0"
"86","2004","11","Tamil Nadu","Salem","10599.0","19945.0","7175.0","9112.0","11078.0","15668.0","28852.0","44725.0"
"86","2005","11","Tamil Nadu","Salem","13939.0","21310.0","9008.0","10765.0","12327.0","17358.0","35274.0","49433.0"
"86","2006","11","Tamil Nadu","Salem","22700.0","27615.0","12326.0","14501.0","13039.0","16211.0","48065.0","58327.0"
"86","2007","11","Tamil Nadu","Salem","20626.0","28806.0","13082.0","12858.0","19193.0","12825.0","52901.0","54489.0"
"86","2008","11","Tamil Nadu","Salem","24966.0","37168.0","12083.0","17092.0","20803.0","20210.0","57852.0","74470.0"
"86","2009","11","Tamil Nadu","Salem","27509.0","32898.0","17347.0","15655.0","17703.0","18323.0","62559.0","66876.0"
"86","2010","11","Tamil Nadu","Salem","26013.0","38033.0","17430.0","20615.0","24179.0","19396.0","67622.0","78044.0"
"86","2011","11","Tamil Nadu","Salem","32226.0","41093.0","22166.0","23979.0","8024.0","22866.0","62416.0","87938.0"
"86","2012","11","Tamil Nadu","Salem","25804.0","31892.0","14270.0","15743.0","10413.0","10376.0","50487.0","58011.0"
"86","2013","11","Tamil Nadu","Salem","24784.0","25425.0","10558.0","13851.0","8841.0","10062.0","44183.0","49338.0"
"86","2014","11","Tamil Nadu","Salem","23104.0","38193.0","11817.0","15463.0","12736.0","10490.0","47657.0","64146.0"
"86","2015","11","Tamil Nadu","Salem","26038.0","41216.0","13293.0","20992.0","11681.0","11986.0","51012.0","74194.0"
"86","2016","11","Tamil Nadu","Salem","22020.0","24134.0","13872.0","14374.0","7932.0","9444.0","43824.0","47952.0"
"86","2017","11","Tamil Nadu","Salem","19070.0","27638.0","9199.0","21531.0","8521.0","14585.0","36790.0","63754.0"
"87","1990","11","Tamil Nadu","Coimbatore","16714.0","26126.0","6542.0","7909.0","13572.0","15060.0","36828.0","49095.0"
"87","1991","11","Tamil Nadu","Coimbatore","14720.0","25972.0","6136.0","8226.0","13370.0","14324.0","34226.0","48522.0"
"87","1992","11","Tamil Nadu","Coimbatore","14774.0","27764.0","6604.0","7617.0","10146.0","8768.0","31524.0","44149.0"
"87","1993","11","Tamil Nadu","Coimbatore","15111.0","23715.0","4941.0","8198.0","11346.0","9238.0","31398.0","41151.0"
"87","1994","11","Tamil Nadu","Coimbatore","12770.0","26022.0","7349.0","6630.0","12523.0","13525.0","32642.0","46177.0"
"87","1995","11","Tamil Nadu","Coimbatore","15630.0","17081.0","5531.0","5419.0","11753.0","10329.0","32914.0","32829.0"
"87","1996","11","Tamil Nadu","Coimbatore","20198.0","22455.0","5338.0","6294.0","14212.0","8209.0","39748.0","36958.0"
"87","1997","11","Tamil Nadu","Coimbatore","23083.0","28853.0","10785.0","9394.0","19373.0","15411.0","53241.0","53658.0"
"87","1998","11","Tamil Nadu","Coimbatore","-1.0","-1.0","-1.0","-1.0","-1.0","-1.0","-1.0","-1.0"
"87","1999","11","Tamil Nadu","Coimbatore","-1.0","-1.0","-1.0","-1.0","-1.0","-1.0","-1.0","-1.0"
"87","2000","11","Tamil Nadu","Coimbatore","21967.0","29753.0","7921.0","9215.0","12000.0","17228.0","41888.0","56196.0"
"87","2001","11","Tamil Nadu","Coimbatore","17531.0","27461.0","6743.0","10143.0","14313.0","15099.0","38587.0","52703.0"
"87","2002","11","Tamil Nadu","Coimbatore","13687.0","30577.0","4836.0","11025.0","10298.0","13288.0","28821.0","54890.0"
"87","2003","11","Tamil Nadu","Coimbatore","11316.0","28544.0","7085.0","10957.0","13715.0","13027.0","32116.0","52528.0"
"87","2004","11","Tamil Nadu","Coimbatore","17615.0","34919.0","10174.0","12982.0","14160.0","20595.0","41949.0","68496.0"
"87","2005","11","Tamil Nadu","Coimbatore","24008.0","37244.0","12423.0","15533.0","15695.0","22691.0","52126.0","75468.0"
"87","2006","11","Tamil Nadu","Coimbatore","30080.0","28871.0","14850.0","15103.0","13020.0","24790.0","57950.0","68764.0"
"87","2007","11","Tamil Nadu","Coimbatore","25302.0","33274.0","13686.0","10196.0","24784.0","17173.0","63772.0","60643.0"
"87","2008","11","Tamil Nadu","Coimbatore","25019.0","29308.0","10460.0","12114.0","20986.0","19830.0","56465.0","61252.0"
"87","2009","11","Tamil Nadu","Coimbatore","23763.0","28456.0","12314.0","10950.0","16631.0","20783.0","52708.0","60189.0"
"87","2010","11","Tamil Nadu","Coimbatore","22324.0","34922.0","12544.0","11746.0","17583.0","18755.0","52451.0","65423.0"
"87","2011","11","Tamil Nadu","Coimbatore","23921.0","31633.0","13672.0","14413.0","9002.0","23561.0","46595.0","69607.0"
"87","2012","11","Tamil Nadu","Coimbatore","20266.0","25630.0","8749.0","8411.0","8878.0","9194.0","37892.0","43235.0"
"87","2013","11","Tamil Nadu","Coimbatore","20859.0","19174.0","7706.0","6824.0","11123.0","8543.0","39687.0","34540.0"
"87","2014","11","Tamil Nadu","Coimbatore","17259.0","29037.0","8368.0","11012.0","13197.0","13063.0","38823.0","53112.0"
"87","2015","11","Tamil Nadu","Coimbatore","20698.0","31418.0","8339.0","12798.0","13436.0","12081.0","42472.0","56296.0"
"87","2016","11","Tamil Nadu","Coimbatore","15007.0","22043.0","6649.0","10035.0","10403.0","10833.0","32059.0","42910.0"
"87","2017","11","Tamil Nadu","Coimbatore","10683.0","15435.0","5180.0","9071.0","9644.0","11571.0","25506.0","36076.0"
"88","1990","11","Tamil Nadu","Tiruchirapalli / Trichy","18925.0","36515.0","9962.0","11079.0","15229.0","19352.0","44116.0","66947.0"
"88","1991","11","Tamil Nadu","Tiruchirapalli / Trichy","19938.0","35254.0","10291.0","10858.0","17178.0","28660.0","47407.0","74772.0"
"88","1992","11","Tamil Nadu","Tiruchirapalli / Trichy","22705.0","35339.0","10374.0","11191.0","14765.0","12339.0","47844.0","58869.0"
"88","1993","11","Tamil Nadu","Tiruchirapalli / Trichy","20786.0","36361.0","9097.0","13232.0","13474.0","17144.0","43356.0","66736.0"
"88","1994","11","Tamil Nadu","Tiruchirapalli / Trichy","24070.0","33727.0","12944.0","8305.0","17719.0","14709.0","54732.0","56742.0"
"88","1995","11","Tamil Nadu","Tiruchirapalli / Trichy","24127.0","30377.0","8093.0","8205.0","12432.0","15323.0","44652.0","53905.0"
"88","1996","11","Tamil Nadu","Tiruchirapalli / Trichy","20456.0","45273.0","6116.0","13283.0","10091.0","13156.0","36662.0","71712.0"
"88","1997","11","Tamil Nadu","Tiruchirapalli / Trichy","31373.0","35962.0","16689.0","13539.0","22362.0","22466.0","70424.0","71967.0"
"88","1998","11","Tamil Nadu","Tiruchirapalli / Trichy","-1.0","-1.0","-1.0","-1.0","-1.0","-1.0","-1.0","-1.0"
"88","1999","11","Tamil Nadu","Tiruchirapalli / Trichy","-1.0","-1.0","-1.0","-1.0","-1.0","-1.0","-1.0","-1.0"
"88","2000","11","Tamil Nadu","Tiruchirapalli / Trichy","32332.0","44491.0","12057.0","15543.0","12714.0","17289.0","57103.0","77323.0"
"88","2001","11","Tamil Nadu","Tiruchirapalli / Trichy","27235.0","42620.0","12375.0","16974.0","16437.0","24951.0","56047.0","84544.0"
"88","2002","11","Tamil Nadu","Tiruchirapalli / Trichy","19122.0","36301.0","7503.0","13519.0","10627.0","16060.0","37251.0","65881.0"
"88","2003","11","Tamil Nadu","Tiruchirapalli / Trichy","14722.0","33018.0","7525.0","15545.0","10962.0","14542.0","33209.0","63104.0"
"88","2004","11","Tamil Nadu","Tiruchirapalli / Trichy","21162.0","40295.0","14989.0","18507.0","15697.0","22443.0","51848.0","81246.0"
"88","2005","11","Tamil Nadu","Tiruchirapalli / Trichy","27770.0","42991.0","17626.0","22553.0","16957.0","24819.0","62353.0","90364.0"
"88","2006","11","Tamil Nadu","Tiruchirapalli / Trichy","36171.0","52259.0","21693.0","24862.0","14411.0","42092.0","72275.0","119213.0"
"88","2007","11","Tamil Nadu","Tiruchirapalli / Trichy","42017.0","58437.0","24760.0","22934.0","31438.0","32201.0","98215.0","113571.0"
"88","2008","11","Tamil Nadu","Tiruchirapalli / Trichy","47744.0","57834.0","25548.0","19316.0","31134.0","36522.0","104425.0","113671.0"
"88","2009","11","Tamil Nadu","Tiruchirapalli / Trichy","41205.0","54787.0","24144.0","18620.0","20188.0","36809.0","85537.0","110215.0"
"88","2010","11","Tamil Nadu","Tiruchirapalli / Trichy","37445.0","58466.0","21786.0","21302.0","23125.0","28166.0","82356.0","107933.0"
"88","2011","11","Tamil Nadu","Tiruchirapalli / Trichy","46887.0","60901.0","25963.0","28373.0","11341.0","36333.0","84190.0","125606.0"
"88","2012","11","Tamil Nadu","Tiruchirapalli / Trichy","39098.0","44313.0","18641.0","14854.0","10679.0","13952.0","68418.0","73119.0"
"88","2013","11","Tamil Nadu","Tiruchirapalli / Trichy","36194.0","41989.0","15778.0","13311.0","10479.0","14748.0","62451.0","70048.0"
"88","2014","11","Tamil Nadu","Tiruchirapalli / Trichy","31109.0","53150.0","14153.0","19056.0","13969.0","18132.0","59231.0","90338.0"
"88","2015","11","Tamil Nadu","Tiruchirapalli / Trichy","37837.0","54027.0","18427.0","22389.0","16029.0","17743.0","72293.0","94159.0"
"88","2016","11","Tamil Nadu","Tiruchirapalli / Trichy","28226.0","35656.0","15295.0","15750.0","9119.0","14854.0","52640.0","66260.0"
"88","2017","11","Tamil Nadu","Tiruchirapalli / Trichy","19741.0","48749.0","8234.0","17002.0","10870.0","15206.0","38845.0","80957.0"
"89","1990","11","Tamil Nadu","Thanjavur","29343.0","43711.0","15685.0","14980.0","14573.0","22833.0","59601.0","81523.0"
"89","1991","11","Tamil Nadu","Thanjavur","31479.0","37246.0","15651.0","9773.0","18538.0","20349.0","65668.0","67368.0"
"89","1992","11","Tamil Nadu","Thanjavur","34769.0","43069.0","13343.0","13246.0","21114.0","11956.0","69226.0","68271.0"
"89","1993","11","Tamil Nadu","Thanjavur","30791.0","31973.0","12604.0","11062.0","17358.0","15909.0","60754.0","58945.0"
"89","1994","11","Tamil Nadu","Thanjavur","32751.0","43641.0","21412.0","10610.0","20750.0","13034.0","74914.0","67284.0"
"89","1995","11","Tamil Nadu","Thanjavur","30324.0","47474.0","13640.0","12434.0","12289.0","12127.0","56253.0","72035.0"
"89","1996","11","Tamil Nadu","Thanjavur","29534.0","44107.0","6958.0","11618.0","8114.0","10613.0","44607.0","66338.0"
"89","1997","11","Tamil Nadu","Thanjavur","41033.0","37785.0","18050.0","8039.0","13590.0","10096.0","72673.0","55920.0"
"89","1998","11","Tamil Nadu","Thanjavur","-1.0","-1.0","-1.0","-1.0","-1.0","-1.0","-1.0","-1.0"
"89","1999","11","Tamil Nadu","Thanjavur","-1.0","-1.0","-1.0","-1.0","-1.0","-1.0","-1.0","-1.0"
"89","2000","11","Tamil Nadu","Thanjavur","38965.0","53309.0","13305.0","18422.0","9390.0","19183.0","61660.0","90914.0"
"89","2001","11","Tamil Nadu","Thanjavur","39738.0","47284.0","16074.0","16758.0","10487.0","17269.0","66299.0","81312.0"
"89","2002","11","Tamil Nadu","Thanjavur","23476.0","46300.0","8919.0","11941.0","7833.0","12292.0","40229.0","70532.0"
"89","2003","11","Tamil Nadu","Thanjavur","18688.0","43801.0","6704.0","12856.0","7057.0","11945.0","32449.0","68603.0"
"89","2004","11","Tamil Nadu","Thanjavur","26617.0","54152.0","11919.0","15204.0","12993.0","18710.0","51529.0","88065.0"
"89","2005","11","Tamil Nadu","Thanjavur","36840.0","57805.0","14578.0","18415.0","13932.0","20823.0","65350.0","97042.0"
"89","2006","11","Tamil Nadu","Thanjavur","46906.0","35540.0","18067.0","11990.0","12240.0","22747.0","77213.0","70277.0"
"89","2007","11","Tamil Nadu","Thanjavur","35289.0","37490.0","17573.0","8594.0","21242.0","16901.0","74104.0","62986.0"
"89","2008","11","Tamil Nadu","Thanjavur","45860.0","48836.0","18936.0","16686.0","21782.0","21316.0","86579.0","86839.0"
"89","2009","11","Tamil Nadu","Thanjavur","41570.0","53925.0","20314.0","17982.0","14945.0","26912.0","76829.0","98820.0"
"89","2010","11","Tamil Nadu","Thanjavur","39153.0","47164.0","19063.0","14649.0","16146.0","20694.0","74362.0","82508.0"
"89","2011","11","Tamil Nadu","Thanjavur","49071.0","50951.0","22539.0","21656.0","8284.0","25154.0","79895.0","97762.0"
"89","2012","11","Tamil Nadu","Thanjavur","29122.0","44677.0","13045.0","10530.0","5759.0","10584.0","47926.0","65791.0"
"89","2013","11","Tamil Nadu","Thanjavur","45619.0","47060.0","17642.0","12217.0","10208.0","13493.0","73469.0","72770.0"
"89","2014","11","Tamil Nadu","Thanjavur","39539.0","57238.0","15806.0","15671.0","11047.0","15702.0","66393.0","88611.0"
"89","2015","11","Tamil Nadu","Thanjavur","46298.0","54833.0","16992.0","19708.0","13626.0","13400.0","76916.0","87942.0"
"89","2016","11","Tamil Nadu","Thanjavur","33845.0","56325.0","9923.0","16959.0","7436.0","15137.0","51204.0","88421.0"
"89","2017","11","Tamil Nadu","Thanjavur","30564.0","40288.0","7768.0","20019.0","9979.0","17956.0","48311.0","78262.0"
"90","1990","11","Tamil Nadu","Madurai","17482.0","25224.0","8213.0","9502.0","12381.0","17640.0","38076.0","52366.0"
"90","1991","11","Tamil Nadu","Madurai","16722.0","22358.0","8419.0","7414.0","13259.0","16681.0","38400.0","46453.0"
"90","1992","11","Tamil Nadu","Madurai","12898.0","27726.0","6644.0","8649.0","9814.0","10286.0","29356.0","46661.0"
"90","1993","11","Tamil Nadu","Madurai","8028.0","27527.0","6041.0","10866.0","8845.0","14760.0","22914.0","53153.0"
"90","1994","11","Tamil Nadu","Madurai","16913.0","28559.0","8872.0","9512.0","13760.0","15734.0","39545.0","53805.0"
"90","1995","11","Tamil Nadu","Madurai","19089.0","20385.0","7152.0","6236.0","15114.0","15742.0","41355.0","42363.0"
"90","1996","11","Tamil Nadu","Madurai","16655.0","28798.0","5799.0","8670.0","7567.0","11324.0","30021.0","48792.0"
"90","1997","11","Tamil Nadu","Madurai","16080.0","33714.0","8271.0","10724.0","9328.0","15806.0","33679.0","60244.0"
"90","1998","11","Tamil Nadu","Madurai","-1.0","-1.0","-1.0","-1.0","-1.0","-1.0","-1.0","-1.0"
"90","1999","11","Tamil Nadu","Madurai","-1.0","-1.0","-1.0","-1.0","-1.0","-1.0","-1.0","-1.0"
"90","2000","11","Tamil Nadu","Madurai","23056.0","30066.0","11958.0","13711.0","8961.0","15717.0","43975.0","59494.0"
"90","2001","11","Tamil Nadu","Madurai","15943.0","26202.0","7651.0","10481.0","7876.0","11986.0","31470.0","48669.0"
"90","2002","11","Tamil Nadu","Madurai","11946.0","25184.0","7951.0","8569.0","7920.0","12991.0","27817.0","46744.0"
"90","2003","11","Tamil Nadu","Madurai","9084.0","24802.0","5173.0","10065.0","8089.0","9406.0","22346.0","44273.0"
"90","2004","11","Tamil Nadu","Madurai","15325.0","29892.0","8508.0","11483.0","10061.0","14305.0","33894.0","55680.0"
"90","2005","11","Tamil Nadu","Madurai","20860.0","31269.0","11412.0","13052.0","11069.0","15776.0","43341.0","60097.0"
"90","2006","11","Tamil Nadu","Madurai","25302.0","28251.0","12509.0","11217.0","8895.0","12117.0","46706.0","51585.0"
"90","2007","11","Tamil Nadu","Madurai","16419.0","30492.0","9383.0","9205.0","8435.0","16097.0","34237.0","55794.0"
"90","2008","11","Tamil Nadu","Madurai","23465.0","43678.0","11213.0","12721.0","14348.0","23648.0","49026.0","80047.0"
"90","2009","11","Tamil Nadu","Madurai","22940.0","36594.0","13080.0","12427.0","12453.0","20945.0","48473.0","69966.0"
"90","2010","11","Tamil Nadu","Madurai","21527.0","41867.0","10033.0","16135.0","10718.0","20310.0","42278.0","78312.0"
"90","2011","11","Tamil Nadu","Madurai","23242.0","42680.0","12954.0","17986.0","7690.0","21415.0","43886.0","82081.0"
"90","2012","11","Tamil Nadu","Madurai","22102.0","23057.0","10392.0","9150.0","4858.0","8100.0","37352.0","40307.0"
"90","2013","11","Tamil Nadu","Madurai","19419.0","19745.0","9259.0","8096.0","5706.0","7523.0","34384.0","35364.0"
"90","2014","11","Tamil Nadu","Madurai","14665.0","31978.0","7379.0","12946.0","4682.0","10027.0","26726.0","54951.0"
"90","2015","11","Tamil Nadu","Madurai","19479.0","32447.0","9122.0","13093.0","8860.0","8895.0","37461.0","54435.0"
"90","2016","11","Tamil Nadu","Madurai","15165.0","20883.0","9202.0","11342.0","5565.0","7999.0","29932.0","40224.0"
"90","2017","11","Tamil Nadu","Madurai","10658.0","23734.0","4937.0","10965.0","5045.0","8137.0","20640.0","42836.0"
"91","1990","11","Tamil Nadu","Ramananthapuram","5715.0","17631.0","2606.0","4883.0","3124.0","7245.0","11445.0","29759.0"
"91","1991","11","Tamil Nadu","Ramananthapuram","7774.0","22135.0","2995.0","6668.0","3186.0","8385.0","13955.0","37188.0"
"91","1992","11","Tamil Nadu","Ramananthapuram","4771.0","23677.0","2375.0","4204.0","2321.0","2501.0","9467.0","30382.0"
"91","1993","11","Tamil Nadu","Ramananthapuram","5256.0","19760.0","1858.0","5575.0","1949.0","5342.0","9063.0","30677.0"
"91","1994","11","Tamil Nadu","Ramananthapuram","5877.0","15124.0","3287.0","3960.0","4215.0","4197.0","13379.0","23281.0"
"91","1995","11","Tamil Nadu","Ramananthapuram","6025.0","10306.0","2949.0","2259.0","2512.0","3178.0","11486.0","15743.0"
"91","1996","11","Tamil Nadu","Ramananthapuram","18681.0","13671.0","1400.0","3017.0","1738.0","2796.0","21819.0","19484.0"
"91","1997","11","Tamil Nadu","Ramananthapuram","5620.0","22333.0","2414.0","3993.0","2208.0","4321.0","10242.0","30647.0"
"91","1998","11","Tamil Nadu","Ramananthapuram","-1.0","-1.0","-1.0","-1.0","-1.0","-1.0","-1.0","-1.0"
"91","1999","11","Tamil Nadu","Ramananthapuram","-1.0","-1.0","-1.0","-1.0","-1.0","-1.0","-1.0","-1.0"
"91","2000","11","Tamil Nadu","Ramananthapuram","7569.0","15149.0","2820.0","3730.0","1527.0","2800.0","11916.0","21679.0"
"91","2001","11","Tamil Nadu","Ramananthapuram","5658.0","17290.0","2458.0","5070.0","1436.0","3338.0","9552.0","25698.0"
"91","2002","11","Tamil Nadu","Ramananthapuram","5342.0","16500.0","2741.0","4580.0","1700.0","3180.0","9783.0","24260.0"
"91","2003","11","Tamil Nadu","Ramananthapuram","3694.0","12633.0","1921.0","3712.0","1636.0","2911.0","7251.0","19256.0"
"91","2004","11","Tamil Nadu","Ramananthapuram","7744.0","15596.0","3491.0","4361.0","3116.0","4412.0","14351.0","24369.0"
"91","2005","11","Tamil Nadu","Ramananthapuram","10625.0","16516.0","4209.0","5227.0","3395.0","4831.0","18229.0","26574.0"
"91","2006","11","Tamil Nadu","Ramananthapuram","13113.0","17090.0","4926.0","4974.0","2625.0","3341.0","20664.0","25405.0"
"91","2007","11","Tamil Nadu","Ramananthapuram","5469.0","13723.0","3741.0","2929.0","2328.0","4171.0","11538.0","20823.0"
"91","2008","11","Tamil Nadu","Ramananthapuram","10282.0","22326.0","5157.0","8298.0","2699.0","7265.0","18138.0","37889.0"
"91","2009","11","Tamil Nadu","Ramananthapuram","7655.0","20261.0","5618.0","5947.0","2326.0","6908.0","15599.0","33116.0"
"91","2010","11","Tamil Nadu","Ramananthapuram","5575.0","22074.0","3593.0","7371.0","1741.0","6727.0","10909.0","36172.0"
"91","2011","11","Tamil Nadu","Ramananthapuram","6355.0","22751.0","3607.0","6680.0","1073.0","6335.0","11035.0","35766.0"
"91","2012","11","Tamil Nadu","Ramananthapuram","8647.0","13970.0","5193.0","3497.0","1320.0","3033.0","15160.0","20500.0"
"91","2013","11","Tamil Nadu","Ramananthapuram","6307.0","7127.0","3098.0","2318.0","749.0","1677.0","10154.0","11122.0"
"91","2014","11","Tamil Nadu","Ramananthapuram","4692.0","17754.0","1485.0","5308.0","696.0","4872.0","6873.0","27934.0"
"91","2015","11","Tamil Nadu","Ramananthapuram","9449.0","22122.0","4486.0","6667.0","1088.0","3764.0","15023.0","32553.0"
"91","2016","11","Tamil Nadu","Ramananthapuram","5966.0","11823.0","3864.0","5236.0","956.0","2341.0","10786.0","19400.0"
"91","2017","11","Tamil Nadu","Ramananthapuram","5264.0","35409.0","3049.0","3610.0","881.0","2205.0","9194.0","41224.0"
"92","1990","11","Tamil Nadu","Thirunelveli","11650.0","16751.0","5703.0","6097.0","5882.0","8926.0","23235.0","31774.0"
"92","1991","11","Tamil Nadu","Thirunelveli","13433.0","16072.0","6290.0","4650.0","7359.0","7976.0","27082.0","28698.0"
"92","1992","11","Tamil Nadu","Thirunelveli","10787.0","22246.0","4765.0","5630.0","6403.0","4550.0","21955.0","32426.0"
"92","1993","11","Tamil Nadu","Thirunelveli","8792.0","17190.0","3116.0","6030.0","3244.0","12037.0","15152.0","35257.0"
"92","1994","11","Tamil Nadu","Thirunelveli","9403.0","15117.0","4923.0","4908.0","6022.0","6871.0","20348.0","26896.0"
"92","1995","11","Tamil Nadu","Thirunelveli","10928.0","15213.0","4004.0","3622.0","5069.0","5473.0","20001.0","24308.0"
"92","1996","11","Tamil Nadu","Thirunelveli","8843.0","12887.0","2413.0","4039.0","2598.0","3948.0","13854.0","20874.0"
"92","1997","11","Tamil Nadu","Thirunelveli","7913.0","20673.0","3283.0","6301.0","3254.0","7238.0","14450.0","34212.0"
"92","1998","11","Tamil Nadu","Thirunelveli","-1.0","-1.0","-1.0","-1.0","-1.0","-1.0","-1.0","-1.0"
"92","1999","11","Tamil Nadu","Thirunelveli","-1.0","-1.0","-1.0","-1.0","-1.0","-1.0","-1.0","-1.0"
"92","2000","11","Tamil Nadu","Thirunelveli","12220.0","18443.0","5307.0","5156.0","3941.0","6346.0","21468.0","29945.0"
"92","2001","11","Tamil Nadu","Thirunelveli","8500.0","14642.0","4337.0","5904.0","4429.0","6382.0","17266.0","26928.0"
"92","2002","11","Tamil Nadu","Thirunelveli","7091.0","18662.0","3680.0","6530.0","2540.0","6528.0","13311.0","31720.0"
"92","2003","11","Tamil Nadu","Thirunelveli","4681.0","17456.0","3172.0","5733.0","2953.0","5921.0","10806.0","29110.0"
"92","2004","11","Tamil Nadu","Thirunelveli","10752.0","21412.0","5421.0","6676.0","6380.0","9108.0","22553.0","37196.0"
"92","2005","11","Tamil Nadu","Thirunelveli","14682.0","22844.0","6501.0","8177.0","6905.0","10059.0","28088.0","41080.0"
"92","2006","11","Tamil Nadu","Thirunelveli","18077.0","22375.0","7623.0","8251.0","5669.0","10351.0","31369.0","40977.0"
"92","2007","11","Tamil Nadu","Thirunelveli","13097.0","23607.0","6330.0","4275.0","7351.0","10166.0","26778.0","38048.0"
"92","2008","11","Tamil Nadu","Thirunelveli","17873.0","27359.0","7669.0","10787.0","8513.0","12981.0","34055.0","51127.0"
"92","2009","11","Tamil Nadu","Thirunelveli","15705.0","26493.0","7761.0","8193.0","7141.0","12513.0","30607.0","47199.0"
"92","2010","11","Tamil Nadu","Thirunelveli","17057.0","23052.0","8010.0","5628.0","6255.0","8610.0","31322.0","37290.0"
"92","2011","11","Tamil Nadu","Thirunelveli","12218.0","26165.0","5947.0","10271.0","1876.0","13569.0","20041.0","50005.0"
"92","2012","11","Tamil Nadu","Thirunelveli","13061.0","17027.0","7374.0","5562.0","1663.0","4264.0","22098.0","26853.0"
"92","2013","11","Tamil Nadu","Thirunelveli","11776.0","13768.0","4644.0","5001.0","2646.0","4100.0","19066.0","22869.0"
"92","2014","11","Tamil Nadu","Thirunelveli","10275.0","24869.0","4099.0","8528.0","2094.0","5138.0","16468.0","38535.0"
"92","2015","11","Tamil Nadu","Thirunelveli","15512.0","27056.0","6204.0","8548.0","3281.0","5676.0","24997.0","41280.0"
"92","2016","11","Tamil Nadu","Thirunelveli","15562.0","16169.0","8948.0","10112.0","2405.0","3360.0","26915.0","29641.0"
"92","2017","11","Tamil Nadu","Thirunelveli","5637.0","22241.0","3441.0","7324.0","1486.0","5568.0","10564.0","35133.0"
"93","1990","11","Tamil Nadu","The Nilgiris","3205.0","1997.0","497.0","685.0","2120.0","1814.0","5822.0","4496.0"
"93","1991","11","Tamil Nadu","The Nilgiris","3059.0","1369.0","725.0","381.0","2238.0","724.0","6022.0","2474.0"
"93","1992","11","Tamil Nadu","The Nilgiris","2246.0","1336.0","348.0","499.0","1340.0","697.0","3934.0","2532.0"
"93","1993","11","Tamil Nadu","The Nilgiris","3045.0","1635.0","938.0","677.0","267.0","2262.0","4250.0","4574.0"
"93","1994","11","Tamil Nadu","The Nilgiris","1762.0","3207.0","689.0","597.0","2197.0","1070.0","4648.0","4874.0"
"93","1995","11","Tamil Nadu","The Nilgiris","3112.0","1989.0","854.0","890.0","647.0","1860.0","4613.0","4739.0"
"93","1996","11","Tamil Nadu","The Nilgiris","3451.0","2689.0","655.0","741.0","403.0","322.0","4509.0","3752.0"
"93","1997","11","Tamil Nadu","The Nilgiris","3513.0","2935.0","910.0","389.0","2730.0","1800.0","7153.0","5124.0"
"93","1998","11","Tamil Nadu","The Nilgiris","-1.0","-1.0","-1.0","-1.0","-1.0","-1.0","-1.0","-1.0"
"93","1999","11","Tamil Nadu","The Nilgiris","-1.0","-1.0","-1.0","-1.0","-1.0","-1.0","-1.0","-1.0"
"93","2000","11","Tamil Nadu","The Nilgiris","2474.0","2789.0","709.0","841.0","1903.0","966.0","5086.0","4596.0"
"93","2001","11","Tamil Nadu","The Nilgiris","4180.0","1849.0","883.0","858.0","3244.0","1770.0","8307.0","4477.0"
"93","2002","11","Tamil Nadu","The Nilgiris","2788.0","2503.0","1156.0","525.0","2434.0","1533.0","6378.0","4561.0"
"93","2003","11","Tamil Nadu","The Nilgiris","2832.0","1852.0","890.0","560.0","2267.0","1563.0","5989.0","3975.0"
"93","2004","11","Tamil Nadu","The Nilgiris","1114.0","2177.0","498.0","623.0","1700.0","2460.0","3312.0","5260.0"
"93","2005","11","Tamil Nadu","The Nilgiris","1558.0","2266.0","635.0","711.0","1823.0","2720.0","4016.0","5697.0"
"93","2006","11","Tamil Nadu","The Nilgiris","1786.0","1414.0","679.0","861.0","1531.0","2753.0","3996.0","5028.0"
"93","2007","11","Tamil Nadu","The Nilgiris","2431.0","917.0","989.0","401.0","2247.0","1300.0","5667.0","2618.0"
"93","2008","11","Tamil Nadu","The Nilgiris","2228.0","1469.0","1097.0","730.0","3163.0","1376.0","6488.0","3575.0"
"93","2009","11","Tamil Nadu","The Nilgiris","3326.0","1480.0","811.0","383.0","2500.0","1793.0","6637.0","3656.0"
"93","2010","11","Tamil Nadu","The Nilgiris","2018.0","2375.0","398.0","419.0","1510.0","1601.0","3926.0","4395.0"
"93","2011","11","Tamil Nadu","The Nilgiris","2354.0","1487.0","1104.0","464.0","1294.0","1388.0","4752.0","3339.0"
"93","2012","11","Tamil Nadu","The Nilgiris","1836.0","1242.0","328.0","219.0","827.0","1404.0","2991.0","2865.0"
"93","2013","11","Tamil Nadu","The Nilgiris","2395.0","1294.0","452.0","194.0","1445.0","892.0","4292.0","2380.0"
"93","2014","11","Tamil Nadu","The Nilgiris","1321.0","1538.0","209.0","226.0","1493.0","699.0","3023.0","2463.0"
"93","2015","11","Tamil Nadu","The Nilgiris","1104.0","1440.0","389.0","259.0","1615.0","1016.0","3108.0","2715.0"
"93","2016","11","Tamil Nadu","The Nilgiris","2583.0","1882.0","525.0","226.0","1365.0","1140.0","4473.0","3248.0"
"93","2017","11","Tamil Nadu","The Nilgiris","3010.0","1838.0","499.0","900.0","1068.0","832.0","4577.0","3570.0"
"94","1990","11","Tamil Nadu","Kanyakumari","2616.0","3980.0","1470.0","1593.0","2293.0","2507.0","6379.0","8080.0"
"94","1991","11","Tamil Nadu","Kanyakumari","2901.0","4870.0","1603.0","1757.0","2368.0","2711.0","6872.0","9338.0"
"94","1992","11","Tamil Nadu","Kanyakumari","3311.0","4185.0","1840.0","1371.0","2538.0","1269.0","7689.0","6825.0"
"94","1993","11","Tamil Nadu","Kanyakumari","3455.0","4416.0","1021.0","1894.0","1472.0","2303.0","5948.0","8613.0"
"94","1994","11","Tamil Nadu","Kanyakumari","2858.0","3680.0","1636.0","1712.0","2490.0","2031.0","6984.0","7423.0"
"94","1995","11","Tamil Nadu","Kanyakumari","3385.0","3083.0","1591.0","1475.0","1999.0","2060.0","6975.0","6618.0"
"94","1996","11","Tamil Nadu","Kanyakumari","2776.0","3094.0","1067.0","1370.0","1775.0","1892.0","5618.0","6356.0"
"94","1997","11","Tamil Nadu","Kanyakumari","2977.0","3188.0","1618.0","1533.0","2079.0","1887.0","6674.0","6608.0"
"94","1998","11","Tamil Nadu","Kanyakumari","-1.0","-1.0","-1.0","-1.0","-1.0","-1.0","-1.0","-1.0"
"94","1999","11","Tamil Nadu","Kanyakumari","-1.0","-1.0","-1.0","-1.0","-1.0","-1.0","-1.0","-1.0"
"94","2000","11","Tamil Nadu","Kanyakumari","3384.0","3444.0","1628.0","1569.0","1765.0","1957.0","6777.0","6970.0"
"94","2001","11","Tamil Nadu","Kanyakumari","2796.0","3690.0","1612.0","2310.0","1830.0","2374.0","6238.0","8374.0"
"94","2002","11","Tamil Nadu","Kanyakumari","1995.0","3687.0","913.0","1878.0","1703.0","2151.0","4611.0","7716.0"
"94","2003","11","Tamil Nadu","Kanyakumari","1580.0","3193.0","1279.0","1484.0","1839.0","2382.0","4698.0","7059.0"
"94","2004","11","Tamil Nadu","Kanyakumari","2054.0","3762.0","1312.0","1744.0","2524.0","3542.0","5890.0","9048.0"
"94","2005","11","Tamil Nadu","Kanyakumari","2686.0","3939.0","1682.0","1859.0","2776.0","3858.0","7144.0","9656.0"
"94","2006","11","Tamil Nadu","Kanyakumari","3150.0","2415.0","1470.0","1361.0","2086.0","1822.0","6706.0","5598.0"
"94","2007","11","Tamil Nadu","Kanyakumari","2060.0","1829.0","1405.0","636.0","2112.0","925.0","5577.0","3390.0"
"94","2008","11","Tamil Nadu","Kanyakumari","1910.0","3154.0","1581.0","1725.0","2144.0","1763.0","5635.0","6642.0"
"94","2009","11","Tamil Nadu","Kanyakumari","2601.0","3427.0","1417.0","1881.0","2587.0","2485.0","6605.0","7793.0"
"94","2010","11","Tamil Nadu","Kanyakumari","3962.0","3195.0","1598.0","1875.0","2414.0","1817.0","7974.0","6887.0"
"94","2011","11","Tamil Nadu","Kanyakumari","3960.0","4341.0","2361.0","2405.0","1233.0","2887.0","7554.0","9633.0"
"94","2012","11","Tamil Nadu","Kanyakumari","2450.0","2587.0","997.0","1137.0","673.0","913.0","4120.0","4637.0"
"94","2013","11","Tamil Nadu","Kanyakumari","3656.0","3037.0","1595.0","1278.0","1148.0","1258.0","6399.0","5573.0"
"94","2014","11","Tamil Nadu","Kanyakumari","3349.0","3857.0","1795.0","1620.0","1699.0","1567.0","6843.0","7044.0"
"94","2015","11","Tamil Nadu","Kanyakumari","3700.0","4389.0","1421.0","2160.0","1739.0","1054.0","6860.0","7603.0"
"94","2016","11","Tamil Nadu","Kanyakumari","3316.0","5475.0","1681.0","3559.0","601.0","1429.0","5598.0","10463.0"
"94","2017","11","Tamil Nadu","Kanyakumari","3587.0","6182.0","702.0","2965.0","708.0","1735.0","4997.0","10882.0"