"Dist Code","Year","State Code","State Name","Dist Name","DISTRICT MALE FIELD LABOUR (Rs per Day)","DISTRICT FEMALE FIELD LABOUR (Rs per Day)","STATE MALE AVERAGE FIELD LABOUR (Rs per Day)","STATE FEMALE AVERAGE FIELD LABOUR (Rs per Day)"
"83","1966","11","Tamil Nadu","Chengalpattu MGR / Kanchipuram","2.2","1.6","2.1","1.6"
"83","1967","11","Tamil Nadu","Chengalpattu MGR / Kanchipuram","2.2","1.5","2.5","1.5"
"83","1968","11","Tamil Nadu","Chengalpattu MGR / Kanchipuram","2.6","1.5","2.6","1.5"
"83","1969","11","Tamil Nadu","Chengalpattu MGR / Kanchipuram","2.3","2.0","2.72","2.0"
"83","1970","11","Tamil Nadu","Chengalpattu MGR / Kanchipuram","2.5","2.0","2.8","2.0"
"83","1971","11","Tamil Nadu","Chengalpattu MGR / Kanchipuram","2.3","2.0","2.2","2.0"
"83","1972","11","Tamil Nadu","Chengalpattu MGR / Kanchipuram","2.6","2.2","2.39","2.2"
"83","1973","11","Tamil Nadu","Chengalpattu MGR / Kanchipuram","2.8","2.2","3.5","2.2"
"83","1974","11","Tamil Nadu","Chengalpattu MGR / Kanchipuram","4.5","2.02","5.2","2.02"
"83","1975","11","Tamil Nadu","Chengalpattu MGR / Kanchipuram","5.2","-1.0","-1.0","-1.0"
"83","1976","11","Tamil Nadu","Chengalpattu MGR / Kanchipuram","5.3","-1.0","-1.0","-1.0"
"83","1977","11","Tamil Nadu","Chengalpattu MGR / Kanchipuram","5.0","-1.0","-1.0","-1.0"
"83","1978","11","Tamil Nadu","Chengalpattu MGR / Kanchipuram","5.4","-1.0","-1.0","-1.0"
"83","1979","11","Tamil Nadu","Chengalpattu MGR / Kanchipuram","5.4","-1.0","-1.0","-1.0"
"83","1980","11","Tamil Nadu","Chengalpattu MGR / Kanchipuram","5.4","-1.0","-1.0","-1.0"
"83","1981","11","Tamil Nadu","Chengalpattu MGR / Kanchipuram","7.0","4.0","6.61","4.0"
"83","1982","11","Tamil Nadu","Chengalpattu MGR / Kanchipuram","5.4","4.99","6.7","4.99"
"83","1983","11","Tamil Nadu","Chengalpattu MGR / Kanchipuram","4.0","7.0","8.06","7.0"
"83","1984","11","Tamil Nadu","Chengalpattu MGR / Kanchipuram","4.5","7.57","8.62","7.57"
"83","1985","11","Tamil Nadu","Chengalpattu MGR / Kanchipuram","6.3","6.0","9.22","6.0"
"83","1986","11","Tamil Nadu","Chengalpattu MGR / Kanchipuram","6.92","6.08","9.92","6.08"
"83","1987","11","Tamil Nadu","Chengalpattu MGR / Kanchipuram","8.0","7.5","10.54","7.5"
"83","1988","11","Tamil Nadu","Chengalpattu MGR / Kanchipuram","8.7","6.0","11.89","6.0"
"83","1989","11","Tamil Nadu","Chengalpattu MGR / Kanchipuram","7.7","10.0","13.9","10.0"
"83","1990","11","Tamil Nadu","Chengalpattu MGR / Kanchipuram","8.0","5.0","15.41","5.0"
"83","1991","11","Tamil Nadu","Chengalpattu MGR / Kanchipuram","13.59","9.92","17.5","9.92"
"83","1992","11","Tamil Nadu","Chengalpattu MGR / Kanchipuram","14.37","12.5","22.11","12.5"
"83","1993","11","Tamil Nadu","Chengalpattu MGR / Kanchipuram","26.45","22.68","29.94","22.68"
"83","1994","11","Tamil Nadu","Chengalpattu MGR / Kanchipuram","20.0","18.0","29.48","18.0"
"83","1995","11","Tamil Nadu","Chengalpattu MGR / Kanchipuram","29.95","27.42","39.43","27.42"
"83","1996","11","Tamil Nadu","Chengalpattu MGR / Kanchipuram","39.1","32.87","45.29","32.87"
"83","1997","11","Tamil Nadu","Chengalpattu MGR / Kanchipuram","49.0","40.0","50.29","40.0"
"83","1998","11","Tamil Nadu","Chengalpattu MGR / Kanchipuram","40.51","32.85","56.19","32.85"
"83","1999","11","Tamil Nadu","Chengalpattu MGR / Kanchipuram","52.14","39.37","60.73","39.37"
"83","2000","11","Tamil Nadu","Chengalpattu MGR / Kanchipuram","65.15","48.93","64.19","48.93"
"83","2001","11","Tamil Nadu","Chengalpattu MGR / Kanchipuram","47.56","36.9","66.14","36.9"
"83","2002","11","Tamil Nadu","Chengalpattu MGR / Kanchipuram","55.7","42.31","69.48","42.31"
"83","2003","11","Tamil Nadu","Chengalpattu MGR / Kanchipuram","55.35","40.04","65.98","40.04"
"83","2004","11","Tamil Nadu","Chengalpattu MGR / Kanchipuram","55.2","43.34","67.55","43.34"
"83","2005","11","Tamil Nadu","Chengalpattu MGR / Kanchipuram","73.56","48.78","75.82","48.78"
"83","2006","11","Tamil Nadu","Chengalpattu MGR / Kanchipuram","72.0","53.01","82.19","53.01"
"83","2007","11","Tamil Nadu","Chengalpattu MGR / Kanchipuram","82.07","61.69","97.1","61.69"
"83","2008","11","Tamil Nadu","Chengalpattu MGR / Kanchipuram","88.04","74.01","120.93","74.01"
"83","2009","11","Tamil Nadu","Chengalpattu MGR / Kanchipuram","98.17","78.04","129.55","78.04"
"83","2012","11","Tamil Nadu","Chengalpattu MGR / Kanchipuram","253.85","-1.0","245.4","-1.0"
"83","2013","11","Tamil Nadu","Chengalpattu MGR / Kanchipuram","295.0","-1.0","253.21","-1.0"
"83","2014","11","Tamil Nadu","Chengalpattu MGR / Kanchipuram","295.08","-1.0","303.0","-1.0"
"83","2015","11","Tamil Nadu","Chengalpattu MGR / Kanchipuram","360.09","-1.0","334.5","-1.0"
"84","1966","11","Tamil Nadu","South Arcot / Cuddalore","1.6","0.75","2.1","0.75"
"84","1967","11","Tamil Nadu","South Arcot / Cuddalore","1.9","1.0","2.5","1.0"
"84","1968","11","Tamil Nadu","South Arcot / Cuddalore","2.0","2.0","2.6","2.0"
"84","1969","11","Tamil Nadu","South Arcot / Cuddalore","2.1","2.0","2.72","2.0"
"84","1970","11","Tamil Nadu","South Arcot / Cuddalore","2.0","1.0","2.8","1.0"
"84","1971","11","Tamil Nadu","South Arcot / Cuddalore","2.4","1.0","2.2","1.0"
"84","1972","11","Tamil Nadu","South Arcot / Cuddalore","2.7","1.67","2.39","1.67"
"84","1973","11","Tamil Nadu","South Arcot / Cuddalore","2.7","1.67","3.5","1.67"
"84","1974","11","Tamil Nadu","South Arcot / Cuddalore","3.8","1.91","5.2","1.91"
"84","1975","11","Tamil Nadu","South Arcot / Cuddalore","4.2","-1.0","-1.0","-1.0"
"84","1976","11","Tamil Nadu","South Arcot / Cuddalore","5.1","-1.0","-1.0","-1.0"
"84","1977","11","Tamil Nadu","South Arcot / Cuddalore","4.8","-1.0","-1.0","-1.0"
"84","1978","11","Tamil Nadu","South Arcot / Cuddalore","5.2","-1.0","-1.0","-1.0"
"84","1979","11","Tamil Nadu","South Arcot / Cuddalore","4.8","-1.0","-1.0","-1.0"
"84","1980","11","Tamil Nadu","South Arcot / Cuddalore","4.2","-1.0","-1.0","-1.0"
"84","1981","11","Tamil Nadu","South Arcot / Cuddalore","3.6","2.25","6.61","2.25"
"84","1982","11","Tamil Nadu","South Arcot / Cuddalore","3.0","3.73","6.7","3.73"
"84","1983","11","Tamil Nadu","South Arcot / Cuddalore","5.0","6.66","8.06","6.66"
"84","1984","11","Tamil Nadu","South Arcot / Cuddalore","5.0","5.58","8.62","5.58"
"84","1985","11","Tamil Nadu","South Arcot / Cuddalore","5.0","3.0","9.22","3.0"
"84","1986","11","Tamil Nadu","South Arcot / Cuddalore","5.0","4.99","9.92","4.99"
"84","1987","11","Tamil Nadu","South Arcot / Cuddalore","7.7","3.0","10.54","3.0"
"84","1988","11","Tamil Nadu","South Arcot / Cuddalore","10.0","8.76","11.89","8.76"
"84","1989","11","Tamil Nadu","South Arcot / Cuddalore","11.7","8.16","13.9","8.16"
"84","1990","11","Tamil Nadu","South Arcot / Cuddalore","15.0","7.0","15.41","7.0"
"84","1991","11","Tamil Nadu","South Arcot / Cuddalore","13.66","8.82","17.5","8.82"
"84","1992","11","Tamil Nadu","South Arcot / Cuddalore","15.15","9.65","22.11","9.65"
"84","1993","11","Tamil Nadu","South Arcot / Cuddalore","16.93","20.38","29.94","20.38"
"84","1994","11","Tamil Nadu","South Arcot / Cuddalore","25.0","16.5","29.48","16.5"
"84","1995","11","Tamil Nadu","South Arcot / Cuddalore","39.65","26.44","39.43","26.44"
"84","1996","11","Tamil Nadu","South Arcot / Cuddalore","48.45","31.35","45.29","31.35"
"84","1997","11","Tamil Nadu","South Arcot / Cuddalore","50.82","37.89","50.29","37.89"
"84","1998","11","Tamil Nadu","South Arcot / Cuddalore","59.17","45.25","56.19","45.25"
"84","1999","11","Tamil Nadu","South Arcot / Cuddalore","62.89","44.54","60.73","44.54"
"84","2000","11","Tamil Nadu","South Arcot / Cuddalore","63.2","41.61","64.19","41.61"
"84","2001","11","Tamil Nadu","South Arcot / Cuddalore","71.61","44.81","66.14","44.81"
"84","2002","11","Tamil Nadu","South Arcot / Cuddalore","71.47","45.71","69.48","45.71"
"84","2003","11","Tamil Nadu","South Arcot / Cuddalore","67.62","39.47","65.98","39.47"
"84","2004","11","Tamil Nadu","South Arcot / Cuddalore","67.84","41.2","67.55","41.2"
"84","2005","11","Tamil Nadu","South Arcot / Cuddalore","75.05","51.53","75.82","51.53"
"84","2006","11","Tamil Nadu","South Arcot / Cuddalore","71.5","55.22","82.19","55.22"
"84","2007","11","Tamil Nadu","South Arcot / Cuddalore","93.78","65.58","97.1","65.58"
"84","2008","11","Tamil Nadu","South Arcot / Cuddalore","115.75","71.95","120.93","71.95"
"84","2009","11","Tamil Nadu","South Arcot / Cuddalore","99.27","61.18","129.55","61.18"
"84","2012","11","Tamil Nadu","South Arcot / Cuddalore","286.78","-1.0","245.4","-1.0"
"84","2013","11","Tamil Nadu","South Arcot / Cuddalore","253.21","-1.0","253.21","-1.0"
"84","2014","11","Tamil Nadu","South Arcot / Cuddalore","-1.0","-1.0","303.0","-1.0"
"84","2015","11","Tamil Nadu","South Arcot / Cuddalore","-1.0","-1.0","334.5","-1.0"
"84","2016","11","Tamil Nadu","South Arcot / Cuddalore","500.0","-1.0","327.0","-1.0"
"84","2017","11","Tamil Nadu","South Arcot / Cuddalore","500.0","-1.0","346.0","-1.0"
"85","1966","11","Tamil Nadu","North Arcot / Vellore","2.2","1.5","2.1","1.5"
"85","1967","11","Tamil Nadu","North Arcot / Vellore","2.0","1.18","2.5","1.18"
"85","1968","11","Tamil Nadu","North Arcot / Vellore","1.9","1.3","2.6","1.3"
"85","1969","11","Tamil Nadu","North Arcot / Vellore","3.3","1.5","2.72","1.5"
"85","1970","11","Tamil Nadu","North Arcot / Vellore","3.7","1.5","2.8","1.5"
"85","1971","11","Tamil Nadu","North Arcot / Vellore","3.0","1.5","2.2","1.5"
"85","1972","11","Tamil Nadu","North Arcot / Vellore","3.0","2.5","2.39","2.5"
"85","1973","11","Tamil Nadu","North Arcot / Vellore","3.0","1.63","3.5","1.63"
"85","1974","11","Tamil Nadu","North Arcot / Vellore","3.9","2.16","5.2","2.16"
"85","1975","11","Tamil Nadu","North Arcot / Vellore","4.2","-1.0","-1.0","-1.0"
"85","1976","11","Tamil Nadu","North Arcot / Vellore","4.3","-1.0","-1.0","-1.0"
"85","1977","11","Tamil Nadu","North Arcot / Vellore","4.3","-1.0","-1.0","-1.0"
"85","1978","11","Tamil Nadu","North Arcot / Vellore","5.1","-1.0","-1.0","-1.0"
"85","1979","11","Tamil Nadu","North Arcot / Vellore","5.1","-1.0","-1.0","-1.0"
"85","1980","11","Tamil Nadu","North Arcot / Vellore","5.1","-1.0","-1.0","-1.0"
"85","1981","11","Tamil Nadu","North Arcot / Vellore","5.0","2.8","6.61","2.8"
"85","1982","11","Tamil Nadu","North Arcot / Vellore","5.0","3.0","6.7","3.0"
"85","1983","11","Tamil Nadu","North Arcot / Vellore","10.5","3.0","8.06","3.0"
"85","1984","11","Tamil Nadu","North Arcot / Vellore","11.0","7.01","8.62","7.01"
"85","1985","11","Tamil Nadu","North Arcot / Vellore","11.0","3.0","9.22","3.0"
"85","1986","11","Tamil Nadu","North Arcot / Vellore","11.0","4.78","9.92","4.78"
"85","1987","11","Tamil Nadu","North Arcot / Vellore","11.5","4.0","10.54","4.0"
"85","1988","11","Tamil Nadu","North Arcot / Vellore","10.0","7.0","11.89","7.0"
"85","1989","11","Tamil Nadu","North Arcot / Vellore","10.0","10.0","13.9","10.0"
"85","1990","11","Tamil Nadu","North Arcot / Vellore","12.5","10.5","15.41","10.5"
"85","1991","11","Tamil Nadu","North Arcot / Vellore","15.5","8.79","17.5","8.79"
"85","1992","11","Tamil Nadu","North Arcot / Vellore","20.0","9.59","22.11","9.59"
"85","1993","11","Tamil Nadu","North Arcot / Vellore","19.63","14.99","29.94","14.99"
"85","1994","11","Tamil Nadu","North Arcot / Vellore","50.0","12.0","29.48","12.0"
"85","1995","11","Tamil Nadu","North Arcot / Vellore","26.62","23.32","39.43","23.32"
"85","1996","11","Tamil Nadu","North Arcot / Vellore","33.36","27.28","45.29","27.28"
"85","1997","11","Tamil Nadu","North Arcot / Vellore","34.36","26.24","50.29","26.24"
"85","1998","11","Tamil Nadu","North Arcot / Vellore","43.31","30.84","56.19","30.84"
"85","1999","11","Tamil Nadu","North Arcot / Vellore","50.81","34.65","60.73","34.65"
"85","2000","11","Tamil Nadu","North Arcot / Vellore","53.17","34.93","64.19","34.93"
"85","2001","11","Tamil Nadu","North Arcot / Vellore","55.26","35.31","66.14","35.31"
"85","2002","11","Tamil Nadu","North Arcot / Vellore","51.25","32.84","69.48","32.84"
"85","2003","11","Tamil Nadu","North Arcot / Vellore","50.59","31.01","65.98","31.01"
"85","2004","11","Tamil Nadu","North Arcot / Vellore","50.38","31.58","67.55","31.58"
"85","2005","11","Tamil Nadu","North Arcot / Vellore","55.5","35.86","75.82","35.86"
"85","2006","11","Tamil Nadu","North Arcot / Vellore","54.03","39.47","82.19","39.47"
"85","2007","11","Tamil Nadu","North Arcot / Vellore","53.19","38.28","97.1","38.28"
"85","2008","11","Tamil Nadu","North Arcot / Vellore","78.53","52.04","120.93","52.04"
"85","2009","11","Tamil Nadu","North Arcot / Vellore","92.55","54.71","129.55","54.71"
"85","2012","11","Tamil Nadu","North Arcot / Vellore","298.5","-1.0","245.4","-1.0"
"85","2013","11","Tamil Nadu","North Arcot / Vellore","-1.0","-1.0","253.21","-1.0"
"85","2014","11","Tamil Nadu","North Arcot / Vellore","345.08","-1.0","303.0","-1.0"
"85","2015","11","Tamil Nadu","North Arcot / Vellore","360.36","-1.0","334.5","-1.0"
"85","2016","11","Tamil Nadu","North Arcot / Vellore","346.33","300.0","327.0","300.0"
"85","2017","11","Tamil Nadu","North Arcot / Vellore","415.0","-1.0","346.0","-1.0"
"86","1966","11","Tamil Nadu","Salem","2.5","2.5","2.1","2.5"
"86","1967","11","Tamil Nadu","Salem","3.1","2.0","2.5","2.0"
"86","1968","11","Tamil Nadu","Salem","2.7","3.0","2.6","3.0"
"86","1969","11","Tamil Nadu","Salem","2.0","2.25","2.72","2.25"
"86","1970","11","Tamil Nadu","Salem","2.0","1.5","2.8","1.5"
"86","1971","11","Tamil Nadu","Salem","2.0","1.5","2.2","1.5"
"86","1972","11","Tamil Nadu","Salem","2.0","1.67","2.39","1.67"
"86","1973","11","Tamil Nadu","Salem","3.0","1.67","3.5","1.67"
"86","1974","11","Tamil Nadu","Salem","3.6","2.27","5.2","2.27"
"86","1975","11","Tamil Nadu","Salem","4.2","-1.0","-1.0","-1.0"
"86","1976","11","Tamil Nadu","Salem","4.6","-1.0","-1.0","-1.0"
"86","1977","11","Tamil Nadu","Salem","4.8","-1.0","-1.0","-1.0"
"86","1978","11","Tamil Nadu","Salem","5.2","-1.0","-1.0","-1.0"
"86","1979","11","Tamil Nadu","Salem","5.5","-1.0","-1.0","-1.0"
"86","1980","11","Tamil Nadu","Salem","5.8","-1.0","-1.0","-1.0"
"86","1981","11","Tamil Nadu","Salem","6.2","4.0","6.61","4.0"
"86","1982","11","Tamil Nadu","Salem","6.5","4.87","6.7","4.87"
"86","1983","11","Tamil Nadu","Salem","7.0","5.0","8.06","5.0"
"86","1984","11","Tamil Nadu","Salem","7.0","5.43","8.62","5.43"
"86","1985","11","Tamil Nadu","Salem","10.4","8.0","9.22","8.0"
"86","1986","11","Tamil Nadu","Salem","10.6","6.1","9.92","6.1"
"86","1987","11","Tamil Nadu","Salem","12.0","6.0","10.54","6.0"
"86","1988","11","Tamil Nadu","Salem","13.6","10.0","11.89","10.0"
"86","1989","11","Tamil Nadu","Salem","11.5","15.0","13.9","15.0"
"86","1990","11","Tamil Nadu","Salem","12.0","12.0","15.41","12.0"
"86","1991","11","Tamil Nadu","Salem","18.8","11.62","17.5","11.62"
"86","1992","11","Tamil Nadu","Salem","19.7","13.48","22.11","13.48"
"86","1993","11","Tamil Nadu","Salem","32.92","22.52","29.94","22.52"
"86","1994","11","Tamil Nadu","Salem","30.0","25.0","29.48","25.0"
"86","1995","11","Tamil Nadu","Salem","48.64","31.06","39.43","31.06"
"86","1996","11","Tamil Nadu","Salem","48.44","30.9","45.29","30.9"
"86","1997","11","Tamil Nadu","Salem","54.91","33.35","50.29","33.35"
"86","1998","11","Tamil Nadu","Salem","69.6","25.54","56.19","25.54"
"86","1999","11","Tamil Nadu","Salem","64.54","40.27","60.73","40.27"
"86","2000","11","Tamil Nadu","Salem","67.22","42.31","64.19","42.31"
"86","2001","11","Tamil Nadu","Salem","64.36","37.58","66.14","37.58"
"86","2002","11","Tamil Nadu","Salem","64.93","33.38","69.48","33.38"
"86","2003","11","Tamil Nadu","Salem","60.45","29.66","65.98","29.66"
"86","2004","11","Tamil Nadu","Salem","62.96","28.74","67.55","28.74"
"86","2005","11","Tamil Nadu","Salem","67.0","34.07","75.82","34.07"
"86","2006","11","Tamil Nadu","Salem","77.81","39.91","82.19","39.91"
"86","2007","11","Tamil Nadu","Salem","88.72","37.72","97.1","37.72"
"86","2008","11","Tamil Nadu","Salem","103.01","46.33","120.93","46.33"
"86","2009","11","Tamil Nadu","Salem","117.67","58.5","129.55","58.5"
"86","2012","11","Tamil Nadu","Salem","280.0","-1.0","245.4","-1.0"
"86","2013","11","Tamil Nadu","Salem","-1.0","-1.0","253.21","-1.0"
"86","2014","11","Tamil Nadu","Salem","483.33","-1.0","303.0","-1.0"
"86","2015","11","Tamil Nadu","Salem","334.5","-1.0","334.5","-1.0"
"86","2017","11","Tamil Nadu","Salem","346.0","-1.0","346.0","-1.0"
"87","1966","11","Tamil Nadu","Coimbatore","1.4","1.0","2.1","1.0"
"87","1967","11","Tamil Nadu","Coimbatore","2.0","1.25","2.5","1.25"
"87","1968","11","Tamil Nadu","Coimbatore","2.3","1.0","2.6","1.0"
"87","1969","11","Tamil Nadu","Coimbatore","2.5","2.5","2.72","2.5"
"87","1970","11","Tamil Nadu","Coimbatore","2.5","1.5","2.8","1.5"
"87","1971","11","Tamil Nadu","Coimbatore","2.6","1.5","2.2","1.5"
"87","1972","11","Tamil Nadu","Coimbatore","3.0","1.88","2.39","1.88"
"87","1973","11","Tamil Nadu","Coimbatore","3.3","2.0","3.5","2.0"
"87","1974","11","Tamil Nadu","Coimbatore","4.5","2.57","5.2","2.57"
"87","1975","11","Tamil Nadu","Coimbatore","4.9","-1.0","-1.0","-1.0"
"87","1976","11","Tamil Nadu","Coimbatore","4.9","-1.0","-1.0","-1.0"
"87","1977","11","Tamil Nadu","Coimbatore","4.7","-1.0","-1.0","-1.0"
"87","1978","11","Tamil Nadu","Coimbatore","5.1","-1.0","-1.0","-1.0"
"87","1979","11","Tamil Nadu","Coimbatore","6.1","-1.0","-1.0","-1.0"
"87","1980","11","Tamil Nadu","Coimbatore","7.4","-1.0","-1.0","-1.0"
"87","1981","11","Tamil Nadu","Coimbatore","8.7","4.5","6.61","4.5"
"87","1982","11","Tamil Nadu","Coimbatore","10.0","4.95","6.7","4.95"
"87","1983","11","Tamil Nadu","Coimbatore","9.5","5.0","8.06","5.0"
"87","1984","11","Tamil Nadu","Coimbatore","9.8","5.25","8.62","5.25"
"87","1985","11","Tamil Nadu","Coimbatore","13.1","7.0","9.22","7.0"
"87","1986","11","Tamil Nadu","Coimbatore","15.0","6.9","9.92","6.9"
"87","1987","11","Tamil Nadu","Coimbatore","15.0","7.0","10.54","7.0"
"87","1988","11","Tamil Nadu","Coimbatore","17.1","7.0","11.89","7.0"
"87","1989","11","Tamil Nadu","Coimbatore","14.3","10.0","13.9","10.0"
"87","1990","11","Tamil Nadu","Coimbatore","12.5","12.0","15.41","12.0"
"87","1991","11","Tamil Nadu","Coimbatore","21.5","13.55","17.5","13.55"
"87","1992","11","Tamil Nadu","Coimbatore","24.28","17.59","22.11","17.59"
"87","1993","11","Tamil Nadu","Coimbatore","28.8","21.92","29.94","21.92"
"87","1994","11","Tamil Nadu","Coimbatore","45.0","30.0","29.48","30.0"
"87","1995","11","Tamil Nadu","Coimbatore","45.73","28.31","39.43","28.31"
"87","1996","11","Tamil Nadu","Coimbatore","55.4","35.59","45.29","35.59"
"87","1997","11","Tamil Nadu","Coimbatore","54.35","30.65","50.29","30.65"
"87","1998","11","Tamil Nadu","Coimbatore","62.5","38.39","56.19","38.39"
"87","1999","11","Tamil Nadu","Coimbatore","65.03","38.04","60.73","38.04"
"87","2000","11","Tamil Nadu","Coimbatore","71.66","40.16","64.19","40.16"
"87","2001","11","Tamil Nadu","Coimbatore","70.47","38.03","66.14","38.03"
"87","2002","11","Tamil Nadu","Coimbatore","78.56","37.5","69.48","37.5"
"87","2003","11","Tamil Nadu","Coimbatore","78.93","37.64","65.98","37.64"
"87","2004","11","Tamil Nadu","Coimbatore","74.28","37.48","67.55","37.48"
"87","2005","11","Tamil Nadu","Coimbatore","81.52","48.15","75.82","48.15"
"87","2006","11","Tamil Nadu","Coimbatore","94.67","57.14","82.19","57.14"
"87","2007","11","Tamil Nadu","Coimbatore","114.11","51.52","97.1","51.52"
"87","2008","11","Tamil Nadu","Coimbatore","120.02","59.98","120.93","59.98"
"87","2009","11","Tamil Nadu","Coimbatore","123.81","69.05","129.55","69.05"
"87","2012","11","Tamil Nadu","Coimbatore","600.0","-1.0","245.4","-1.0"
"87","2013","11","Tamil Nadu","Coimbatore","241.67","141.0","253.21","141.0"
"87","2014","11","Tamil Nadu","Coimbatore","-1.0","-1.0","303.0","-1.0"
"87","2015","11","Tamil Nadu","Coimbatore","-1.0","-1.0","334.5","-1.0"
"88","1966","11","Tamil Nadu","Tiruchirapalli / Trichy","2.1","1.0","2.1","1.0"
"88","1967","11","Tamil Nadu","Tiruchirapalli / Trichy","2.6","1.25","2.5","1.25"
"88","1968","11","Tamil Nadu","Tiruchirapalli / Trichy","2.9","1.5","2.6","1.5"
"88","1969","11","Tamil Nadu","Tiruchirapalli / Trichy","2.8","1.5","2.72","1.5"
"88","1970","11","Tamil Nadu","Tiruchirapalli / Trichy","2.7","1.5","2.8","1.5"
"88","1971","11","Tamil Nadu","Tiruchirapalli / Trichy","2.0","1.5","2.2","1.5"
"88","1972","11","Tamil Nadu","Tiruchirapalli / Trichy","3.2","2.22","2.39","2.22"
"88","1973","11","Tamil Nadu","Tiruchirapalli / Trichy","3.0","2.0","3.5","2.0"
"88","1974","11","Tamil Nadu","Tiruchirapalli / Trichy","4.3","2.21","5.2","2.21"
"88","1975","11","Tamil Nadu","Tiruchirapalli / Trichy","4.6","-1.0","-1.0","-1.0"
"88","1976","11","Tamil Nadu","Tiruchirapalli / Trichy","3.6","-1.0","-1.0","-1.0"
"88","1977","11","Tamil Nadu","Tiruchirapalli / Trichy","5.0","-1.0","-1.0","-1.0"
"88","1978","11","Tamil Nadu","Tiruchirapalli / Trichy","4.5","-1.0","-1.0","-1.0"
"88","1979","11","Tamil Nadu","Tiruchirapalli / Trichy","4.8","-1.0","-1.0","-1.0"
"88","1980","11","Tamil Nadu","Tiruchirapalli / Trichy","5.2","-1.0","-1.0","-1.0"
"88","1981","11","Tamil Nadu","Tiruchirapalli / Trichy","5.6","3.0","6.61","3.0"
"88","1982","11","Tamil Nadu","Tiruchirapalli / Trichy","6.0","3.99","6.7","3.99"
"88","1983","11","Tamil Nadu","Tiruchirapalli / Trichy","6.0","3.5","8.06","3.5"
"88","1984","11","Tamil Nadu","Tiruchirapalli / Trichy","6.0","5.83","8.62","5.83"
"88","1985","11","Tamil Nadu","Tiruchirapalli / Trichy","5.9","3.0","9.22","3.0"
"88","1986","11","Tamil Nadu","Tiruchirapalli / Trichy","6.9","5.22","9.92","5.22"
"88","1987","11","Tamil Nadu","Tiruchirapalli / Trichy","7.6","3.0","10.54","3.0"
"88","1988","11","Tamil Nadu","Tiruchirapalli / Trichy","12.0","10.0","11.89","10.0"
"88","1989","11","Tamil Nadu","Tiruchirapalli / Trichy","12.0","6.0","13.9","6.0"
"88","1990","11","Tamil Nadu","Tiruchirapalli / Trichy","15.0","10.5","15.41","10.5"
"88","1991","11","Tamil Nadu","Tiruchirapalli / Trichy","17.43","9.03","17.5","9.03"
"88","1992","11","Tamil Nadu","Tiruchirapalli / Trichy","22.6","11.4","22.11","11.4"
"88","1993","11","Tamil Nadu","Tiruchirapalli / Trichy","26.41","18.39","29.94","18.39"
"88","1994","11","Tamil Nadu","Tiruchirapalli / Trichy","-1.0","-1.0","29.48","-1.0"
"88","1995","11","Tamil Nadu","Tiruchirapalli / Trichy","45.98","32.88","39.43","32.88"
"88","1996","11","Tamil Nadu","Tiruchirapalli / Trichy","-1.0","-1.0","45.29","-1.0"
"88","1997","11","Tamil Nadu","Tiruchirapalli / Trichy","45.99","30.58","50.29","30.58"
"88","1998","11","Tamil Nadu","Tiruchirapalli / Trichy","43.58","31.04","56.19","31.04"
"88","1999","11","Tamil Nadu","Tiruchirapalli / Trichy","55.39","39.26","60.73","39.26"
"88","2000","11","Tamil Nadu","Tiruchirapalli / Trichy","54.19","37.41","64.19","37.41"
"88","2001","11","Tamil Nadu","Tiruchirapalli / Trichy","57.45","35.09","66.14","35.09"
"88","2002","11","Tamil Nadu","Tiruchirapalli / Trichy","50.52","35.31","69.48","35.31"
"88","2003","11","Tamil Nadu","Tiruchirapalli / Trichy","51.74","28.07","65.98","28.07"
"88","2004","11","Tamil Nadu","Tiruchirapalli / Trichy","56.91","30.45","67.55","30.45"
"88","2005","11","Tamil Nadu","Tiruchirapalli / Trichy","70.27","39.68","75.82","39.68"
"88","2006","11","Tamil Nadu","Tiruchirapalli / Trichy","77.25","59.34","82.19","59.34"
"88","2007","11","Tamil Nadu","Tiruchirapalli / Trichy","79.21","44.5","97.1","44.5"
"88","2008","11","Tamil Nadu","Tiruchirapalli / Trichy","149.62","69.22","120.93","69.22"
"88","2009","11","Tamil Nadu","Tiruchirapalli / Trichy","101.97","69.9","129.55","69.9"
"88","2012","11","Tamil Nadu","Tiruchirapalli / Trichy","300.0","-1.0","245.4","-1.0"
"88","2013","11","Tamil Nadu","Tiruchirapalli / Trichy","-1.0","-1.0","253.21","-1.0"
"88","2014","11","Tamil Nadu","Tiruchirapalli / Trichy","-1.0","-1.0","303.0","-1.0"
"88","2015","11","Tamil Nadu","Tiruchirapalli / Trichy","-1.0","-1.0","334.5","-1.0"
"89","1966","11","Tamil Nadu","Thanjavur","1.6","1.0","2.1","1.0"
"89","1967","11","Tamil Nadu","Thanjavur","2.4","1.5","2.5","1.5"
"89","1968","11","Tamil Nadu","Thanjavur","2.4","1.0","2.6","1.0"
"89","1969","11","Tamil Nadu","Thanjavur","2.8","1.3","2.72","1.3"
"89","1970","11","Tamil Nadu","Thanjavur","2.4","1.5","2.8","1.5"
"89","1971","11","Tamil Nadu","Thanjavur","3.3","1.6","2.2","1.6"
"89","1972","11","Tamil Nadu","Thanjavur","2.7","1.25","2.39","1.25"
"89","1973","11","Tamil Nadu","Thanjavur","2.5","1.5","3.5","1.5"
"89","1974","11","Tamil Nadu","Thanjavur","4.5","2.35","5.2","2.35"
"89","1975","11","Tamil Nadu","Thanjavur","5.6","-1.0","-1.0","-1.0"
"89","1976","11","Tamil Nadu","Thanjavur","5.2","-1.0","-1.0","-1.0"
"89","1977","11","Tamil Nadu","Thanjavur","5.5","-1.0","-1.0","-1.0"
"89","1978","11","Tamil Nadu","Thanjavur","5.9","-1.0","-1.0","-1.0"
"89","1979","11","Tamil Nadu","Thanjavur","6.1","-1.0","-1.0","-1.0"
"89","1980","11","Tamil Nadu","Thanjavur","6.4","-1.0","-1.0","-1.0"
"89","1981","11","Tamil Nadu","Thanjavur","6.7","4.25","6.61","4.25"
"89","1982","11","Tamil Nadu","Thanjavur","7.0","6.26","6.7","6.26"
"89","1983","11","Tamil Nadu","Thanjavur","7.0","7.0","8.06","7.0"
"89","1984","11","Tamil Nadu","Thanjavur","11.0","8.0","8.62","8.0"
"89","1985","11","Tamil Nadu","Thanjavur","11.0","8.0","9.22","8.0"
"89","1986","11","Tamil Nadu","Thanjavur","11.0","7.34","9.92","7.34"
"89","1987","11","Tamil Nadu","Thanjavur","8.0","6.0","10.54","6.0"
"89","1988","11","Tamil Nadu","Thanjavur","9.1","6.0","11.89","6.0"
"89","1989","11","Tamil Nadu","Thanjavur","15.0","7.0","13.9","7.0"
"89","1990","11","Tamil Nadu","Thanjavur","17.5","11.0","15.41","11.0"
"89","1991","11","Tamil Nadu","Thanjavur","19.1","12.24","17.5","12.24"
"89","1992","11","Tamil Nadu","Thanjavur","21.7","14.12","22.11","14.12"
"89","1993","11","Tamil Nadu","Thanjavur","33.55","22.69","29.94","22.69"
"89","1994","11","Tamil Nadu","Thanjavur","30.0","15.0","29.48","15.0"
"89","1995","11","Tamil Nadu","Thanjavur","40.72","27.58","39.43","27.58"
"89","1996","11","Tamil Nadu","Thanjavur","47.1","28.41","45.29","28.41"
"89","1997","11","Tamil Nadu","Thanjavur","58.22","40.47","50.29","40.47"
"89","1998","11","Tamil Nadu","Thanjavur","60.0","43.86","56.19","43.86"
"89","1999","11","Tamil Nadu","Thanjavur","64.3","51.36","60.73","51.36"
"89","2000","11","Tamil Nadu","Thanjavur","63.25","52.63","64.19","52.63"
"89","2001","11","Tamil Nadu","Thanjavur","69.29","52.47","66.14","52.47"
"89","2002","11","Tamil Nadu","Thanjavur","96.46","67.37","69.48","67.37"
"89","2003","11","Tamil Nadu","Thanjavur","66.75","45.93","65.98","45.93"
"89","2004","11","Tamil Nadu","Thanjavur","64.7","41.25","67.55","41.25"
"89","2005","11","Tamil Nadu","Thanjavur","76.61","58.24","75.82","58.24"
"89","2006","11","Tamil Nadu","Thanjavur","79.8","57.08","82.19","57.08"
"89","2007","11","Tamil Nadu","Thanjavur","93.78","55.21","97.1","55.21"
"89","2008","11","Tamil Nadu","Thanjavur","130.5","70.31","120.93","70.31"
"89","2009","11","Tamil Nadu","Thanjavur","158.91","75.91","129.55","75.91"
"89","2012","11","Tamil Nadu","Thanjavur","257.0","-1.0","245.4","-1.0"
"89","2013","11","Tamil Nadu","Thanjavur","300.4","-1.0","253.21","-1.0"
"89","2014","11","Tamil Nadu","Thanjavur","466.67","-1.0","303.0","-1.0"
"89","2015","11","Tamil Nadu","Thanjavur","450.0","-1.0","334.5","-1.0"
"90","1966","11","Tamil Nadu","Madurai","1.9","0.75","2.1","0.75"
"90","1967","11","Tamil Nadu","Madurai","2.0","1.25","2.5","1.25"
"90","1968","11","Tamil Nadu","Madurai","2.0","1.25","2.6","1.25"
"90","1969","11","Tamil Nadu","Madurai","2.3","1.25","2.72","1.25"
"90","1970","11","Tamil Nadu","Madurai","1.8","1.0","2.8","1.0"
"90","1971","11","Tamil Nadu","Madurai","2.0","1.25","2.2","1.25"
"90","1972","11","Tamil Nadu","Madurai","2.4","0.83","2.39","0.83"
"90","1973","11","Tamil Nadu","Madurai","3.1","2.0","3.5","2.0"
"90","1974","11","Tamil Nadu","Madurai","4.4","2.54","5.2","2.54"
"90","1975","11","Tamil Nadu","Madurai","4.6","-1.0","-1.0","-1.0"
"90","1976","11","Tamil Nadu","Madurai","4.7","-1.0","-1.0","-1.0"
"90","1977","11","Tamil Nadu","Madurai","4.8","-1.0","-1.0","-1.0"
"90","1978","11","Tamil Nadu","Madurai","5.0","-1.0","-1.0","-1.0"
"90","1979","11","Tamil Nadu","Madurai","5.7","-1.0","-1.0","-1.0"
"90","1980","11","Tamil Nadu","Madurai","6.6","-1.0","-1.0","-1.0"
"90","1981","11","Tamil Nadu","Madurai","7.6","5.0","6.61","5.0"
"90","1982","11","Tamil Nadu","Madurai","8.5","4.19","6.7","4.19"
"90","1983","11","Tamil Nadu","Madurai","7.0","4.0","8.06","4.0"
"90","1984","11","Tamil Nadu","Madurai","10.0","6.11","8.62","6.11"
"90","1985","11","Tamil Nadu","Madurai","10.0","5.0","9.22","5.0"
"90","1986","11","Tamil Nadu","Madurai","10.0","5.34","9.92","5.34"
"90","1987","11","Tamil Nadu","Madurai","10.0","4.5","10.54","4.5"
"90","1988","11","Tamil Nadu","Madurai","15.0","6.0","11.89","6.0"
"90","1989","11","Tamil Nadu","Madurai","15.0","6.0","13.9","6.0"
"90","1990","11","Tamil Nadu","Madurai","20.0","10.0","15.41","10.0"
"90","1991","11","Tamil Nadu","Madurai","23.3","10.55","17.5","10.55"
"90","1992","11","Tamil Nadu","Madurai","23.24","13.88","22.11","13.88"
"90","1993","11","Tamil Nadu","Madurai","30.55","18.24","29.94","18.24"
"90","1994","11","Tamil Nadu","Madurai","-1.0","-1.0","29.48","-1.0"
"90","1995","11","Tamil Nadu","Madurai","43.72","29.92","39.43","29.92"
"90","1996","11","Tamil Nadu","Madurai","46.41","29.87","45.29","29.87"
"90","1997","11","Tamil Nadu","Madurai","49.22","30.06","50.29","30.06"
"90","1998","11","Tamil Nadu","Madurai","62.65","36.26","56.19","36.26"
"90","1999","11","Tamil Nadu","Madurai","49.63","36.67","60.73","36.67"
"90","2000","11","Tamil Nadu","Madurai","54.54","37.29","64.19","37.29"
"90","2001","11","Tamil Nadu","Madurai","58.73","30.67","66.14","30.67"
"90","2002","11","Tamil Nadu","Madurai","62.36","31.34","69.48","31.34"
"90","2003","11","Tamil Nadu","Madurai","64.55","30.82","65.98","30.82"
"90","2004","11","Tamil Nadu","Madurai","61.75","31.21","67.55","31.21"
"90","2005","11","Tamil Nadu","Madurai","68.93","35.38","75.82","35.38"
"90","2006","11","Tamil Nadu","Madurai","74.75","52.26","82.19","52.26"
"90","2007","11","Tamil Nadu","Madurai","90.55","38.26","97.1","38.26"
"90","2008","11","Tamil Nadu","Madurai","133.49","53.75","120.93","53.75"
"90","2009","11","Tamil Nadu","Madurai","117.84","65.67","129.55","65.67"
"90","2012","11","Tamil Nadu","Madurai","425.0","-1.0","245.4","-1.0"
"90","2013","11","Tamil Nadu","Madurai","-1.0","-1.0","253.21","-1.0"
"90","2014","11","Tamil Nadu","Madurai","303.0","-1.0","303.0","-1.0"
"90","2015","11","Tamil Nadu","Madurai","346.0","-1.0","334.5","-1.0"
"90","2017","11","Tamil Nadu","Madurai","346.0","-1.0","346.0","-1.0"
"91","1966","11","Tamil Nadu","Ramananthapuram","2.0","1.0","2.1","1.0"
"91","1967","11","Tamil Nadu","Ramananthapuram","2.0","1.25","2.5","1.25"
"91","1968","11","Tamil Nadu","Ramananthapuram","2.0","1.25","2.6","1.25"
"91","1969","11","Tamil Nadu","Ramananthapuram","2.0","1.0","2.72","1.0"
"91","1970","11","Tamil Nadu","Ramananthapuram","2.0","1.0","2.8","1.0"
"91","1971","11","Tamil Nadu","Ramananthapuram","2.0","1.25","2.2","1.25"
"91","1972","11","Tamil Nadu","Ramananthapuram","2.0","1.0","2.39","1.0"
"91","1973","11","Tamil Nadu","Ramananthapuram","3.0","1.5","3.5","1.5"
"91","1974","11","Tamil Nadu","Ramananthapuram","3.8","2.21","5.2","2.21"
"91","1975","11","Tamil Nadu","Ramananthapuram","4.7","-1.0","-1.0","-1.0"
"91","1976","11","Tamil Nadu","Ramananthapuram","5.0","-1.0","-1.0","-1.0"
"91","1977","11","Tamil Nadu","Ramananthapuram","4.4","-1.0","-1.0","-1.0"
"91","1978","11","Tamil Nadu","Ramananthapuram","5.1","-1.0","-1.0","-1.0"
"91","1979","11","Tamil Nadu","Ramananthapuram","5.7","-1.0","-1.0","-1.0"
"91","1980","11","Tamil Nadu","Ramananthapuram","6.4","-1.0","-1.0","-1.0"
"91","1981","11","Tamil Nadu","Ramananthapuram","7.2","4.0","6.61","4.0"
"91","1982","11","Tamil Nadu","Ramananthapuram","8.0","4.6","6.7","4.6"
"91","1983","11","Tamil Nadu","Ramananthapuram","9.0","3.0","8.06","3.0"
"91","1984","11","Tamil Nadu","Ramananthapuram","10.4","5.64","8.62","5.64"
"91","1985","11","Tamil Nadu","Ramananthapuram","15.0","5.0","9.22","5.0"
"91","1986","11","Tamil Nadu","Ramananthapuram","10.0","5.9","9.92","5.9"
"91","1987","11","Tamil Nadu","Ramananthapuram","10.0","5.0","10.54","5.0"
"91","1988","11","Tamil Nadu","Ramananthapuram","10.7","6.0","11.89","6.0"
"91","1989","11","Tamil Nadu","Ramananthapuram","10.5","10.0","13.9","10.0"
"91","1990","11","Tamil Nadu","Ramananthapuram","10.0","10.0","15.41","10.0"
"91","1991","11","Tamil Nadu","Ramananthapuram","18.8","12.59","17.5","12.59"
"91","1992","11","Tamil Nadu","Ramananthapuram","20.45","17.0","22.11","17.0"
"91","1993","11","Tamil Nadu","Ramananthapuram","27.92","18.9","29.94","18.9"
"91","1994","11","Tamil Nadu","Ramananthapuram","30.0","20.0","29.48","20.0"
"91","1995","11","Tamil Nadu","Ramananthapuram","32.92","20.24","39.43","20.24"
"91","1996","11","Tamil Nadu","Ramananthapuram","31.0","25.63","45.29","25.63"
"91","1997","11","Tamil Nadu","Ramananthapuram","25.94","36.0","50.29","36.0"
"91","1998","11","Tamil Nadu","Ramananthapuram","53.61","41.78","56.19","41.78"
"91","1999","11","Tamil Nadu","Ramananthapuram","52.86","38.75","60.73","38.75"
"91","2000","11","Tamil Nadu","Ramananthapuram","49.62","34.54","64.19","34.54"
"91","2001","11","Tamil Nadu","Ramananthapuram","59.51","39.98","66.14","39.98"
"91","2002","11","Tamil Nadu","Ramananthapuram","66.1","43.62","69.48","43.62"
"91","2003","11","Tamil Nadu","Ramananthapuram","55.9","49.6","65.98","49.6"
"91","2004","11","Tamil Nadu","Ramananthapuram","66.39","47.34","67.55","47.34"
"91","2005","11","Tamil Nadu","Ramananthapuram","72.08","47.6","75.82","47.6"
"91","2006","11","Tamil Nadu","Ramananthapuram","79.75","60.63","82.19","60.63"
"91","2007","11","Tamil Nadu","Ramananthapuram","96.71","59.33","97.1","59.33"
"91","2008","11","Tamil Nadu","Ramananthapuram","117.57","76.84","120.93","76.84"
"91","2009","11","Tamil Nadu","Ramananthapuram","151.27","93.8","129.55","93.8"
"91","2012","11","Tamil Nadu","Ramananthapuram","-1.0","-1.0","245.4","-1.0"
"91","2013","11","Tamil Nadu","Ramananthapuram","-1.0","-1.0","253.21","-1.0"
"91","2014","11","Tamil Nadu","Ramananthapuram","-1.0","-1.0","303.0","-1.0"
"91","2015","11","Tamil Nadu","Ramananthapuram","-1.0","-1.0","334.5","-1.0"
"92","1966","11","Tamil Nadu","Thirunelveli","1.5","1.0","2.1","1.0"
"92","1967","11","Tamil Nadu","Thirunelveli","2.6","1.5","2.5","1.5"
"92","1968","11","Tamil Nadu","Thirunelveli","2.3","1.25","2.6","1.25"
"92","1969","11","Tamil Nadu","Thirunelveli","2.7","2.0","2.72","2.0"
"92","1970","11","Tamil Nadu","Thirunelveli","2.0","1.0","2.8","1.0"
"92","1971","11","Tamil Nadu","Thirunelveli","2.0","1.12","2.2","1.12"
"92","1972","11","Tamil Nadu","Thirunelveli","2.0","1.23","2.39","1.23"
"92","1973","11","Tamil Nadu","Thirunelveli","2.7","1.67","3.5","1.67"
"92","1974","11","Tamil Nadu","Thirunelveli","5.7","3.06","5.2","3.06"
"92","1975","11","Tamil Nadu","Thirunelveli","5.4","-1.0","-1.0","-1.0"
"92","1976","11","Tamil Nadu","Thirunelveli","4.9","-1.0","-1.0","-1.0"
"92","1977","11","Tamil Nadu","Thirunelveli","4.6","-1.0","-1.0","-1.0"
"92","1978","11","Tamil Nadu","Thirunelveli","5.4","-1.0","-1.0","-1.0"
"92","1979","11","Tamil Nadu","Thirunelveli","5.7","-1.0","-1.0","-1.0"
"92","1980","11","Tamil Nadu","Thirunelveli","6.1","-1.0","-1.0","-1.0"
"92","1981","11","Tamil Nadu","Thirunelveli","6.6","3.0","6.61","3.0"
"92","1982","11","Tamil Nadu","Thirunelveli","7.0","5.52","6.7","5.52"
"92","1983","11","Tamil Nadu","Thirunelveli","7.0","5.25","8.06","5.25"
"92","1984","11","Tamil Nadu","Thirunelveli","8.1","7.67","8.62","7.67"
"92","1985","11","Tamil Nadu","Thirunelveli","8.3","5.6","9.22","5.6"
"92","1986","11","Tamil Nadu","Thirunelveli","8.3","67.3","9.92","67.3"
"92","1987","11","Tamil Nadu","Thirunelveli","8.2","8.4","10.54","8.4"
"92","1988","11","Tamil Nadu","Thirunelveli","12.0","8.0","11.89","8.0"
"92","1989","11","Tamil Nadu","Thirunelveli","14.5","7.0","13.9","7.0"
"92","1990","11","Tamil Nadu","Thirunelveli","16.7","7.0","15.41","7.0"
"92","1991","11","Tamil Nadu","Thirunelveli","23.3","13.44","17.5","13.44"
"92","1992","11","Tamil Nadu","Thirunelveli","20.4","17.51","22.11","17.51"
"92","1993","11","Tamil Nadu","Thirunelveli","38.73","29.19","29.94","29.19"
"92","1994","11","Tamil Nadu","Thirunelveli","30.0","15.0","29.48","15.0"
"92","1995","11","Tamil Nadu","Thirunelveli","42.98","28.06","39.43","28.06"
"92","1996","11","Tamil Nadu","Thirunelveli","53.26","34.34","45.29","34.34"
"92","1997","11","Tamil Nadu","Thirunelveli","59.97","43.95","50.29","43.95"
"92","1998","11","Tamil Nadu","Thirunelveli","73.21","40.45","56.19","40.45"
"92","1999","11","Tamil Nadu","Thirunelveli","83.7","43.88","60.73","43.88"
"92","2000","11","Tamil Nadu","Thirunelveli","89.25","53.17","64.19","53.17"
"92","2001","11","Tamil Nadu","Thirunelveli","91.47","51.15","66.14","51.15"
"92","2002","11","Tamil Nadu","Thirunelveli","93.58","39.8","69.48","39.8"
"92","2003","11","Tamil Nadu","Thirunelveli","98.9","44.87","65.98","44.87"
"92","2004","11","Tamil Nadu","Thirunelveli","82.57","44.58","67.55","44.58"
"92","2005","11","Tamil Nadu","Thirunelveli","92.71","64.64","75.82","64.64"
"92","2006","11","Tamil Nadu","Thirunelveli","98.77","62.6","82.19","62.6"
"92","2007","11","Tamil Nadu","Thirunelveli","124.83","66.11","97.1","66.11"
"92","2008","11","Tamil Nadu","Thirunelveli","158.63","90.44","120.93","90.44"
"92","2009","11","Tamil Nadu","Thirunelveli","129.96","70.24","129.55","70.24"
"92","2012","11","Tamil Nadu","Thirunelveli","540.0","-1.0","245.4","-1.0"
"92","2013","11","Tamil Nadu","Thirunelveli","-1.0","-1.0","253.21","-1.0"
"92","2014","11","Tamil Nadu","Thirunelveli","556.0","-1.0","303.0","-1.0"
"92","2015","11","Tamil Nadu","Thirunelveli","-1.0","-1.0","334.5","-1.0"
"93","1966","11","Tamil Nadu","The Nilgiris","2.9","1.75","2.1","1.75"
"93","1967","11","Tamil Nadu","The Nilgiris","2.9","2.0","2.5","2.0"
"93","1968","11","Tamil Nadu","The Nilgiris","3.4","1.7","2.6","1.7"
"93","1969","11","Tamil Nadu","The Nilgiris","3.8","2.5","2.72","2.5"
"93","1970","11","Tamil Nadu","The Nilgiris","3.8","2.5","2.8","2.5"
"93","1971","11","Tamil Nadu","The Nilgiris","3.8","2.5","2.2","2.5"
"93","1972","11","Tamil Nadu","The Nilgiris","3.8","2.3","2.39","2.3"
"93","1973","11","Tamil Nadu","The Nilgiris","3.8","2.2","3.5","2.2"
"93","1974","11","Tamil Nadu","The Nilgiris","4.6","2.95","5.2","2.95"
"93","1975","11","Tamil Nadu","The Nilgiris","4.9","-1.0","-1.0","-1.0"
"93","1976","11","Tamil Nadu","The Nilgiris","6.0","-1.0","-1.0","-1.0"
"93","1977","11","Tamil Nadu","The Nilgiris","5.9","-1.0","-1.0","-1.0"
"93","1978","11","Tamil Nadu","The Nilgiris","6.0","-1.0","-1.0","-1.0"
"93","1979","11","Tamil Nadu","The Nilgiris","6.2","-1.0","-1.0","-1.0"
"93","1980","11","Tamil Nadu","The Nilgiris","6.4","-1.0","-1.0","-1.0"
"93","1981","11","Tamil Nadu","The Nilgiris","6.6","7.0","6.61","7.0"
"93","1982","11","Tamil Nadu","The Nilgiris","6.7","6.69","6.7","6.69"
"93","1983","11","Tamil Nadu","The Nilgiris","8.1","6.0","8.06","6.0"
"93","1984","11","Tamil Nadu","The Nilgiris","10.0","7.0","8.62","7.0"
"93","1985","11","Tamil Nadu","The Nilgiris","15.0","9.0","9.22","9.0"
"93","1986","11","Tamil Nadu","The Nilgiris","12.5","9.0","9.92","9.0"
"93","1987","11","Tamil Nadu","The Nilgiris","12.5","8.75","10.54","8.75"
"93","1988","11","Tamil Nadu","The Nilgiris","14.7","13.13","11.89","13.13"
"93","1989","11","Tamil Nadu","The Nilgiris","15.1","15.0","13.9","15.0"
"93","1990","11","Tamil Nadu","The Nilgiris","30.0","18.0","15.41","18.0"
"93","1991","11","Tamil Nadu","The Nilgiris","26.25","15.21","17.5","15.21"
"93","1992","11","Tamil Nadu","The Nilgiris","28.33","17.08","22.11","17.08"
"93","1993","11","Tamil Nadu","The Nilgiris","27.1","22.04","29.94","22.04"
"93","1994","11","Tamil Nadu","The Nilgiris","32.5","22.5","29.48","22.5"
"93","1995","11","Tamil Nadu","The Nilgiris","36.0","29.4","39.43","29.4"
"93","1996","11","Tamil Nadu","The Nilgiris","46.65","34.0","45.29","34.0"
"93","1997","11","Tamil Nadu","The Nilgiris","52.26","35.11","50.29","35.11"
"93","1998","11","Tamil Nadu","The Nilgiris","57.53","38.81","56.19","38.81"
"93","1999","11","Tamil Nadu","The Nilgiris","72.4","48.75","60.73","48.75"
"93","2000","11","Tamil Nadu","The Nilgiris","67.61","48.17","64.19","48.17"
"93","2001","11","Tamil Nadu","The Nilgiris","65.0","46.41","66.14","46.41"
"93","2002","11","Tamil Nadu","The Nilgiris","110.32","95.4","69.48","95.4"
"93","2003","11","Tamil Nadu","The Nilgiris","59.46","43.32","65.98","43.32"
"93","2004","11","Tamil Nadu","The Nilgiris","66.61","38.31","67.55","38.31"
"93","2005","11","Tamil Nadu","The Nilgiris","70.04","54.37","75.82","54.37"
"93","2006","11","Tamil Nadu","The Nilgiris","75.0","48.0","82.19","48.0"
"93","2007","11","Tamil Nadu","The Nilgiris","73.33","44.45","97.1","44.45"
"93","2008","11","Tamil Nadu","The Nilgiris","93.96","49.58","120.93","49.58"
"93","2009","11","Tamil Nadu","The Nilgiris","114.68","65.37","129.55","65.37"
"93","2012","11","Tamil Nadu","The Nilgiris","-1.0","-1.0","245.4","-1.0"
"93","2013","11","Tamil Nadu","The Nilgiris","-1.0","-1.0","253.21","-1.0"
"93","2014","11","Tamil Nadu","The Nilgiris","-1.0","-1.0","303.0","-1.0"
"93","2015","11","Tamil Nadu","The Nilgiris","-1.0","-1.0","334.5","-1.0"
"93","2017","11","Tamil Nadu","The Nilgiris","391.29","-1.0","346.0","-1.0"
"94","1966","11","Tamil Nadu","Kanyakumari","3.0","1.3","2.1","1.3"
"94","1967","11","Tamil Nadu","Kanyakumari","3.6","1.75","2.5","1.75"
"94","1968","11","Tamil Nadu","Kanyakumari","3.4","3.4","2.6","3.4"
"94","1969","11","Tamil Nadu","Kanyakumari","3.4","2.25","2.72","2.25"
"94","1970","11","Tamil Nadu","Kanyakumari","4.0","2.25","2.8","2.25"
"94","1971","11","Tamil Nadu","Kanyakumari","3.7","2.5","2.2","2.5"
"94","1972","11","Tamil Nadu","Kanyakumari","4.2","2.53","2.39","2.53"
"94","1973","11","Tamil Nadu","Kanyakumari","4.8","2.2","3.5","2.2"
"94","1974","11","Tamil Nadu","Kanyakumari","6.4","3.63","5.2","3.63"
"94","1975","11","Tamil Nadu","Kanyakumari","5.8","-1.0","-1.0","-1.0"
"94","1976","11","Tamil Nadu","Kanyakumari","6.8","-1.0","-1.0","-1.0"
"94","1977","11","Tamil Nadu","Kanyakumari","5.0","-1.0","-1.0","-1.0"
"94","1978","11","Tamil Nadu","Kanyakumari","5.4","-1.0","-1.0","-1.0"
"94","1979","11","Tamil Nadu","Kanyakumari","6.7","-1.0","-1.0","-1.0"
"94","1980","11","Tamil Nadu","Kanyakumari","8.4","-1.0","-1.0","-1.0"
"94","1981","11","Tamil Nadu","Kanyakumari","10.2","7.0","6.61","7.0"
"94","1982","11","Tamil Nadu","Kanyakumari","12.0","7.05","6.7","7.05"
"94","1983","11","Tamil Nadu","Kanyakumari","12.0","8.0","8.06","8.0"
"94","1984","11","Tamil Nadu","Kanyakumari","12.0","10.0","8.62","10.0"
"94","1985","11","Tamil Nadu","Kanyakumari","14.1","10.0","9.22","10.0"
"94","1986","11","Tamil Nadu","Kanyakumari","15.0","9.13","9.92","9.13"
"94","1987","11","Tamil Nadu","Kanyakumari","15.0","10.0","10.54","10.0"
"94","1988","11","Tamil Nadu","Kanyakumari","15.4","10.0","11.89","10.0"
"94","1989","11","Tamil Nadu","Kanyakumari","20.0","10.0","13.9","10.0"
"94","1990","11","Tamil Nadu","Kanyakumari","28.3","14.0","15.41","14.0"
"94","1991","11","Tamil Nadu","Kanyakumari","31.0","16.36","17.5","16.36"
"94","1992","11","Tamil Nadu","Kanyakumari","39.2","21.51","22.11","21.51"
"94","1993","11","Tamil Nadu","Kanyakumari","51.27","45.0","29.94","45.0"
"94","1994","11","Tamil Nadu","Kanyakumari","40.0","25.0","29.48","25.0"
"94","1995","11","Tamil Nadu","Kanyakumari","77.62","70.89","39.43","70.89"
"94","1996","11","Tamil Nadu","Kanyakumari","84.12","81.0","45.29","81.0"
"94","1997","11","Tamil Nadu","Kanyakumari","86.22","78.2","50.29","78.2"
"94","1998","11","Tamil Nadu","Kanyakumari","80.39","88.92","56.19","88.92"
"94","1999","11","Tamil Nadu","Kanyakumari","93.75","100.0","60.73","100.0"
"94","2000","11","Tamil Nadu","Kanyakumari","96.61","90.56","64.19","90.56"
"94","2001","11","Tamil Nadu","Kanyakumari","113.93","94.49","66.14","94.49"
"94","2002","11","Tamil Nadu","Kanyakumari","62.37","40.56","69.48","40.56"
"94","2003","11","Tamil Nadu","Kanyakumari","140.39","101.11","65.98","101.11"
"94","2004","11","Tamil Nadu","Kanyakumari","126.2","104.62","67.55","104.62"
"94","2005","11","Tamil Nadu","Kanyakumari","131.56","100.3","75.82","100.3"
"94","2006","11","Tamil Nadu","Kanyakumari","135.63","110.95","82.19","110.95"
"94","2007","11","Tamil Nadu","Kanyakumari","250.89","106.42","97.1","106.42"
"94","2008","11","Tamil Nadu","Kanyakumari","299.37","250.5","120.93","250.5"
"94","2009","11","Tamil Nadu","Kanyakumari","305.46","200.52","129.55","200.52"
"94","2012","11","Tamil Nadu","Kanyakumari","550.0","-1.0","245.4","-1.0"
"94","2013","11","Tamil Nadu","Kanyakumari","-1.0","-1.0","253.21","-1.0"
"94","2014","11","Tamil Nadu","Kanyakumari","700.0","-1.0","303.0","-1.0"
"94","2015","11","Tamil Nadu","Kanyakumari","-1.0","-1.0","334.5","-1.0"