"Dist Code","Year","State Code","State Name","Dist Name","JANUARY RAINFALL (Millimeters)","FEBRUARY RAINFALL (Millimeters)","MARCH RAINFALL (Millimeters)","APRIL RAINFALL (Millimeters)","MAY RAINFALL (Millimeters)","JUNE RAINFALL (Millimeters)","JULY RAINFALL (Millimeters)","AUGUST RAINFALL (Millimeters)","SEPTEMBER RAINFALL (Millimeters)","OCTOBER RAINFALL (Millimeters)","NOVEMBER RAINFALL (Millimeters)","DECEMBER RAINFALL (Millimeters)","ANNUAL RAINFALL (Millimeters)"
"83","1990","11","Tamil Nadu","Chengalpattu MGR / Kanchipuram","30.6","2.1","17.5","4.5","254.0","36.1","89.0","99.5","188.8","344.3","271.7","49.9","1388.0"
"83","1991","11","Tamil Nadu","Chengalpattu MGR / Kanchipuram","18.2","2.1","0.0","4.1","5.8","242.4","59.8","136.7","151.4","281.7","538.3","4.1","1444.6"
"83","1992","11","Tamil Nadu","Chengalpattu MGR / Kanchipuram","11.4","0.0","0.0","11.1","23.9","6.9","67.3","117.1","112.9","124.4","378.6","93.8","947.4"
"83","1993","11","Tamil Nadu","Chengalpattu MGR / Kanchipuram","0.0","3.6","0.6","0.0","38.1","41.8","65.7","169.0","168.8","239.4","427.9","233.2","1388.1"
"83","1994","11","Tamil Nadu","Chengalpattu MGR / Kanchipuram","0.5","16.1","0.6","0.0","35.7","38.5","99.2","138.7","87.2","312.5","437.7","145.3","1312.0"
"83","1995","11","Tamil Nadu","Chengalpattu MGR / Kanchipuram","81.5","1.6","8.5","1.9","275.0","93.1","107.7","257.8","200.4","204.3","153.0","2.0","1386.8"
"83","1996","11","Tamil Nadu","Chengalpattu MGR / Kanchipuram","0.2","0.0","0.0","44.5","5.6","396.9","55.8","107.3","166.3","246.2","249.0","412.4","1684.2"
"83","2012","11","Tamil Nadu","Chengalpattu MGR / Kanchipuram","7.9","0.0","0.0","0.1","5.9","31.6","75.1","141.9","93.8","318.4","95.3","132.6","902.6"
"83","2013","11","Tamil Nadu","Chengalpattu MGR / Kanchipuram","0.0","24.3","13.7","0.0","16.7","73.8","135.3","153.3","172.8","137.1","116.9","61.4","905.3"
"83","2014","11","Tamil Nadu","Chengalpattu MGR / Kanchipuram","0.5","3.4","0.0","0.0","35.7","117.6","50.9","130.9","130.6","196.3","135.0","106.9","907.8"
"83","2015","11","Tamil Nadu","Chengalpattu MGR / Kanchipuram","1.7","0.0","0.0","49.5","45.4","32.2","102.2","140.4","70.3","179.8","1061.3","574.0","2256.8"
"84","1966","11","Tamil Nadu","South Arcot / Cuddalore","10.4","1.8","5.7","10.2","130.8","40.4","55.9","409.0","166.6","422.5","285.3","183.6","1722.3"
"84","1967","11","Tamil Nadu","South Arcot / Cuddalore","83.8","0.0","20.5","8.5","11.7","59.6","71.1","192.9","76.0","210.5","192.2","243.5","1170.3"
"84","1968","11","Tamil Nadu","South Arcot / Cuddalore","0.3","1.1","34.6","82.2","34.3","31.3","27.1","131.3","170.0","81.0","206.9","125.4","925.5"
"84","1969","11","Tamil Nadu","South Arcot / Cuddalore","0.4","6.5","0.0","2.3","16.5","25.4","25.9","111.9","49.2","418.0","451.3","188.0","1295.4"
"84","1970","11","Tamil Nadu","South Arcot / Cuddalore","11.9","19.3","0.8","18.1","54.8","41.7","100.4","103.4","187.5","109.6","425.0","31.7","1104.4"
"84","1971","11","Tamil Nadu","South Arcot / Cuddalore","33.8","27.6","28.0","17.4","60.8","43.9","80.3","134.6","110.4","348.0","97.3","405.9","1387.7"
"84","1972","11","Tamil Nadu","South Arcot / Cuddalore","0.4","0.2","0.0","1.9","94.6","34.8","66.4","78.0","223.0","359.9","166.6","347.6","1373.4"
"84","1973","11","Tamil Nadu","South Arcot / Cuddalore","0.0","0.0","0.5","0.4","18.3","79.1","37.0","132.7","169.3","291.1","187.2","113.1","1028.7"
"84","1974","11","Tamil Nadu","South Arcot / Cuddalore","0.1","5.4","7.1","0.5","26.1","55.9","78.7","98.9","120.2","181.8","37.6","57.7","669.9"
"84","1975","11","Tamil Nadu","South Arcot / Cuddalore","5.1","0.1","55.8","0.0","47.5","21.8","175.7","130.4","91.1","228.8","251.6","78.3","1086.1"
"84","1976","11","Tamil Nadu","South Arcot / Cuddalore","0.2","0.5","0.0","8.6","21.4","38.0","127.3","142.8","77.6","167.5","329.1","139.7","1052.6"
"84","1977","11","Tamil Nadu","South Arcot / Cuddalore","3.3","13.6","0.1","25.8","58.2","81.8","28.4","169.0","107.5","420.6","602.9","17.1","1528.4"
"84","1978","11","Tamil Nadu","South Arcot / Cuddalore","1.4","5.7","0.0","6.4","19.5","22.6","68.7","84.4","207.4","194.8","313.8","284.9","1209.4"
"84","1979","11","Tamil Nadu","South Arcot / Cuddalore","0.8","4.0","8.9","1.3","26.5","52.3","48.0","90.8","263.3","222.1","652.6","72.1","1443.0"
"84","1980","11","Tamil Nadu","South Arcot / Cuddalore","0.0","0.0","0.9","17.6","6.6","29.8","95.0","77.0","78.0","121.2","203.6","63.9","693.4"
"84","1981","11","Tamil Nadu","South Arcot / Cuddalore","41.6","0.0","6.4","0.1","116.5","27.1","166.4","115.3","158.0","321.5","158.4","98.2","1209.7"
"84","1982","11","Tamil Nadu","South Arcot / Cuddalore","1.2","0.0","0.7","8.0","17.9","17.5","61.8","29.4","100.8","91.8","281.5","59.7","670.2"
"84","1983","11","Tamil Nadu","South Arcot / Cuddalore","0.6","0.0","0.0","0.0","48.1","36.0","82.4","171.6","163.2","137.1","114.8","432.1","1186.0"
"84","1984","11","Tamil Nadu","South Arcot / Cuddalore","33.6","236.0","122.5","16.5","3.4","17.1","159.5","53.4","218.3","90.5","203.3","77.3","1231.3"
"84","1985","11","Tamil Nadu","South Arcot / Cuddalore","184.6","12.8","0.7","5.2","32.3","73.8","72.9","161.2","187.3","153.7","443.3","133.7","1461.4"
"84","1986","11","Tamil Nadu","South Arcot / Cuddalore","135.5","29.4","63.2","1.5","25.3","43.9","54.8","88.9","156.1","228.5","217.9","154.0","1199.0"
"84","1987","11","Tamil Nadu","South Arcot / Cuddalore","17.0","0.3","28.6","4.9","12.7","78.7","14.9","92.9","184.3","173.4","191.3","274.4","1073.3"
"84","1988","11","Tamil Nadu","South Arcot / Cuddalore","0.2","0.0","2.1","66.6","31.1","22.4","80.3","189.7","156.1","63.0","191.0","66.9","869.3"
"84","1989","11","Tamil Nadu","South Arcot / Cuddalore","3.3","0.0","14.8","2.5","38.9","45.5","154.9","39.3","95.5","152.2","351.7","60.9","959.5"
"84","1990","11","Tamil Nadu","South Arcot / Cuddalore","79.4","16.8","30.9","3.6","76.3","30.7","49.6","157.5","141.4","223.1","122.7","57.4","989.4"
"84","1991","11","Tamil Nadu","South Arcot / Cuddalore","10.1","6.0","0.0","8.4","2.8","73.7","17.6","111.8","112.8","277.1","414.2","20.2","1054.7"
"84","1992","11","Tamil Nadu","South Arcot / Cuddalore","0.9","0.0","0.0","4.0","11.2","37.3","70.8","44.6","179.0","148.3","362.3","120.2","978.6"
"84","1993","11","Tamil Nadu","South Arcot / Cuddalore","0.0","8.5","0.8","0.0","8.8","90.0","66.6","133.8","137.3","219.4","380.0","311.8","1357.0"
"84","1994","11","Tamil Nadu","South Arcot / Cuddalore","1.1","39.1","0.0","0.4","31.0","21.5","56.4","113.5","52.7","148.3","284.6","72.1","820.7"
"84","1995","11","Tamil Nadu","South Arcot / Cuddalore","21.5","1.7","10.9","1.6","163.4","51.8","99.3","123.5","188.4","141.3","135.6","8.6","947.6"
"84","1996","11","Tamil Nadu","South Arcot / Cuddalore","0.3","0.0","0.0","44.5","32.4","225.2","37.9","139.1","180.0","176.0","237.1","762.6","1835.1"
"84","1997","11","Tamil Nadu","South Arcot / Cuddalore","13.0","17.1","11.2","38.6","55.9","37.0","47.0","96.0","155.9","196.6","514.2","355.3","1537.8"
"84","1998","11","Tamil Nadu","South Arcot / Cuddalore","1.3","0.3","0.0","0.0","57.7","4.2","35.3","91.5","96.8","178.4","379.0","416.2","1260.7"
"84","1999","11","Tamil Nadu","South Arcot / Cuddalore","1.5","4.8","0.0","50.3","56.9","20.6","83.6","49.5","77.2","284.4","451.5","115.0","1195.3"
"84","2000","11","Tamil Nadu","South Arcot / Cuddalore","30.8","30.8","30.8","30.8","30.8","30.8","30.8","30.8","30.8","30.8","30.8","30.8","30.8"
"84","2001","11","Tamil Nadu","South Arcot / Cuddalore","2.7","0.0","0.0","21.5","37.3","25.7","95.2","82.5","85.1","207.4","146.1","141.6","845.1"
"84","2002","11","Tamil Nadu","South Arcot / Cuddalore","26.1","174.2","0.0","0.0","25.0","46.2","61.6","19.8","73.2","236.5","226.9","106.7","996.2"
"84","2003","11","Tamil Nadu","South Arcot / Cuddalore","0.0","0.0","0.2","21.5","70.8","30.4","84.3","224.8","94.5","304.4","446.7","28.1","1305.7"
"84","2004","11","Tamil Nadu","South Arcot / Cuddalore","21.6","0.0","7.5","0.4","250.1","81.4","27.6","75.1","253.8","503.1","389.1","16.3","1626.0"
"84","2005","11","Tamil Nadu","South Arcot / Cuddalore","1.5","7.9","1.6","129.3","75.2","2.2","41.0","79.6","217.5","260.4","824.3","261.4","1901.9"
"84","2006","11","Tamil Nadu","South Arcot / Cuddalore","29.7","0.0","9.7","6.6","50.4","54.6","38.0","51.9","102.0","471.5","407.1","128.7","1350.2"
"84","2007","11","Tamil Nadu","South Arcot / Cuddalore","0.0","11.5","0.0","17.8","24.9","17.8","104.1","143.3","65.3","422.0","87.9","327.8","1222.4"
"84","2008","11","Tamil Nadu","South Arcot / Cuddalore","73.3","28.0","272.5","3.9","41.8","50.4","59.0","92.7","78.7","257.4","728.0","151.1","1836.8"
"84","2009","11","Tamil Nadu","South Arcot / Cuddalore","20.2","0.0","69.1","36.6","21.3","39.0","61.4","125.4","105.9","54.3","372.5","163.1","1068.8"
"84","2010","11","Tamil Nadu","South Arcot / Cuddalore","2.3","0.0","0.0","0.6","137.5","68.5","36.3","149.9","108.2","145.4","553.3","345.0","1547.0"
"84","2011","11","Tamil Nadu","South Arcot / Cuddalore","45.2","24.8","0.0","105.2","15.4","-1.0","-1.0","-1.0","-1.0","-1.0","-1.0","-1.0","-1.0"
"84","2012","11","Tamil Nadu","South Arcot / Cuddalore","5.6","0.0","5.1","14.8","24.0","2.4","55.4","78.6","109.1","479.6","94.3","13.9","882.8"
"84","2013","11","Tamil Nadu","South Arcot / Cuddalore","0.1","21.2","28.8","0.1","30.5","51.7","38.1","239.2","125.4","114.8","236.7","91.1","977.7"
"84","2014","11","Tamil Nadu","South Arcot / Cuddalore","1.9","13.7","0.0","0.0","174.1","52.4","41.6","169.2","69.5","309.7","238.0","147.8","1217.9"
"84","2015","11","Tamil Nadu","South Arcot / Cuddalore","14.7","0.0","0.4","64.1","95.7","72.2","83.3","88.1","46.7","99.1","726.4","415.0","1705.7"
"85","1966","11","Tamil Nadu","North Arcot / Vellore","23.8","0.0","0.0","6.5","63.3","67.3","78.7","149.0","152.0","248.2","426.4","60.3","1275.5"
"85","1967","11","Tamil Nadu","North Arcot / Vellore","35.0","0.0","52.4","4.4","94.8","64.4","112.5","126.6","126.7","97.7","89.3","241.5","1045.2"
"85","1968","11","Tamil Nadu","North Arcot / Vellore","0.0","0.0","2.4","73.2","21.7","58.1","47.3","46.0","176.9","67.7","50.3","57.8","601.3"
"85","1969","11","Tamil Nadu","North Arcot / Vellore","0.0","0.0","0.0","1.2","107.9","58.2","104.7","196.6","35.0","397.0","197.4","52.0","1150.0"
"85","1970","11","Tamil Nadu","North Arcot / Vellore","0.0","3.3","0.6","12.6","72.9","90.2","240.5","147.4","171.3","183.0","132.9","1.0","1055.8"
"85","1971","11","Tamil Nadu","North Arcot / Vellore","3.3","7.1","16.5","48.6","101.9","19.9","190.0","121.9","80.2","226.8","65.3","75.4","956.8"
"85","1972","11","Tamil Nadu","North Arcot / Vellore","5.0","0.0","0.0","2.3","127.7","110.6","24.6","33.1","115.9","218.3","97.9","272.1","1007.4"
"85","1973","11","Tamil Nadu","North Arcot / Vellore","0.0","0.0","0.0","4.7","69.7","42.4","121.5","149.0","210.1","158.0","48.2","61.1","864.7"
"85","1974","11","Tamil Nadu","North Arcot / Vellore","0.0","0.4","2.3","2.7","74.2","71.2","161.7","66.0","222.6","194.8","43.1","6.2","845.1"
"85","1975","11","Tamil Nadu","North Arcot / Vellore","5.6","0.0","14.8","1.1","86.3","53.0","166.2","134.9","185.3","215.3","155.2","3.2","1020.8"
"85","1976","11","Tamil Nadu","North Arcot / Vellore","4.7","0.0","0.0","12.7","29.6","60.0","150.5","334.6","60.4","211.8","269.9","21.7","1155.9"
"85","1977","11","Tamil Nadu","North Arcot / Vellore","0.9","5.6","1.2","16.4","59.9","99.5","96.1","271.5","91.0","212.2","366.4","0.9","1221.6"
"85","1978","11","Tamil Nadu","North Arcot / Vellore","0.2","16.3","0.0","50.5","41.3","23.5","85.6","48.1","282.9","115.6","130.4","182.4","976.9"
"85","1979","11","Tamil Nadu","North Arcot / Vellore","0.4","23.0","0.5","4.3","33.2","48.8","113.1","55.4","188.4","85.6","388.2","13.9","954.8"
"85","1980","11","Tamil Nadu","North Arcot / Vellore","1.2","0.0","0.0","1.1","43.9","16.9","67.5","142.9","37.7","54.3","107.3","48.2","521.0"
"85","1981","11","Tamil Nadu","North Arcot / Vellore","5.9","0.0","40.5","15.4","66.8","60.9","153.0","180.8","163.7","248.5","43.8","56.9","1036.5"
"85","1982","11","Tamil Nadu","North Arcot / Vellore","0.0","0.0","3.2","9.9","58.6","73.0","49.5","47.8","131.7","78.3","179.3","0.5","631.7"
"85","1983","11","Tamil Nadu","North Arcot / Vellore","0.0","0.0","8.0","8.5","66.6","90.2","105.6","225.7","278.4","94.8","33.2","170.1","1081.1"
"85","1984","11","Tamil Nadu","North Arcot / Vellore","7.8","118.6","57.5","23.7","22.6","11.1","267.2","15.0","163.2","156.3","101.5","65.0","1009.5"
"85","1985","11","Tamil Nadu","North Arcot / Vellore","30.3","0.0","3.7","15.6","23.6","100.1","149.0","164.2","154.0","116.1","265.7","27.6","1050.0"
"85","1986","11","Tamil Nadu","North Arcot / Vellore","72.9","24.7","0.0","14.1","55.6","43.9","58.4","81.8","196.6","80.7","86.1","11.1","725.9"
"85","1987","11","Tamil Nadu","North Arcot / Vellore","2.8","0.0","26.2","6.9","27.8","78.8","42.1","127.9","108.5","156.6","102.0","172.2","851.8"
"85","1988","11","Tamil Nadu","North Arcot / Vellore","0.0","0.0","10.6","97.2","65.2","12.5","130.5","241.6","202.7","73.1","57.7","77.9","968.8"
"85","1989","11","Tamil Nadu","North Arcot / Vellore","0.1","0.0","10.8","3.2","36.5","72.1","230.3","14.5","154.5","72.9","111.3","37.8","744.0"
"85","1990","11","Tamil Nadu","North Arcot / Vellore","36.3","12.3","33.1","14.0","123.9","31.9","41.4","91.9","213.4","134.5","144.4","18.0","895.1"
"85","1991","11","Tamil Nadu","North Arcot / Vellore","1.9","0.0","0.5","19.0","10.6","168.2","32.9","148.1","149.0","298.7","309.5","1.4","1139.8"
"85","1992","11","Tamil Nadu","North Arcot / Vellore","12.0","0.0","0.0","7.2","30.2","45.4","76.5","86.7","119.2","193.6","218.4","19.2","808.4"
"85","1993","11","Tamil Nadu","North Arcot / Vellore","0.0","3.7","2.7","2.6","50.2","81.3","89.3","101.9","255.7","146.6","276.5","138.4","1148.9"
"85","1994","11","Tamil Nadu","North Arcot / Vellore","2.8","1.8","0.0","9.6","78.8","48.0","114.6","145.5","102.4","175.7","179.0","9.6","867.8"
"85","1995","11","Tamil Nadu","North Arcot / Vellore","35.6","2.0","12.9","0.6","268.9","123.2","143.9","308.8","139.9","118.9","46.4","0.2","1201.3"
"85","1996","11","Tamil Nadu","North Arcot / Vellore","0.0","0.0","1.2","56.9","29.9","247.0","80.0","194.7","285.0","190.6","112.1","348.9","1546.3"
"85","1997","11","Tamil Nadu","North Arcot / Vellore","11.4","5.2","14.2","50.6","43.9","80.5","59.6","88.1","226.1","141.9","198.6","94.2","1014.3"
"85","1998","11","Tamil Nadu","North Arcot / Vellore","0.0","0.3","0.0","22.7","32.2","25.0","108.9","168.8","206.4","158.9","199.9","77.8","1000.9"
"85","1999","11","Tamil Nadu","North Arcot / Vellore","0.8","0.7","0.0","13.2","52.0","39.2","26.6","64.9","63.3","120.6","112.1","62.5","555.9"
"85","2000","11","Tamil Nadu","North Arcot / Vellore","0.0","30.9","0.0","17.8","44.3","39.3","56.4","138.1","181.5","146.7","60.0","31.6","746.6"
"85","2001","11","Tamil Nadu","North Arcot / Vellore","3.7","0.0","2.1","60.2","44.5","20.6","124.5","40.5","184.3","168.6","32.4","42.4","723.8"
"85","2002","11","Tamil Nadu","North Arcot / Vellore","2.0","0.1","8.0","7.2","61.2","91.3","29.1","50.8","83.0","160.7","48.2","42.5","584.1"
"85","2003","11","Tamil Nadu","North Arcot / Vellore","0.0","0.0","31.2","15.0","18.8","69.8","261.8","151.8","99.5","199.7","28.4","14.3","890.3"
"85","2004","11","Tamil Nadu","North Arcot / Vellore","1.7","0.0","0.8","22.5","259.6","40.7","118.7","15.1","204.8","136.6","103.1","0.7","904.3"
"85","2005","11","Tamil Nadu","North Arcot / Vellore","0.0","15.0","12.3","88.6","80.5","72.8","89.1","108.4","168.9","3533.0","191.3","148.1","4508.0"
"85","2006","11","Tamil Nadu","North Arcot / Vellore","32.0","0.0","34.8","26.1","55.3","121.2","34.4","75.5","196.6","162.0","109.6","37.1","884.6"
"85","2007","11","Tamil Nadu","North Arcot / Vellore","0.0","1.0","0.0","59.9","64.4","85.5","186.0","183.8","124.2","159.1","65.3","216.7","1145.9"
"85","2008","11","Tamil Nadu","North Arcot / Vellore","11.4","2.9","66.9","10.6","83.3","44.5","70.6","87.0","110.2","115.7","247.7","7.1","857.9"
"85","2009","11","Tamil Nadu","North Arcot / Vellore","2.4","0.0","1.2","10.8","71.1","44.4","65.0","121.1","121.6","73.0","437.5","148.7","1096.8"
"85","2010","11","Tamil Nadu","North Arcot / Vellore","11.4","0.0","0.0","0.0","74.2","116.8","123.3","99.7","117.0","88.9","234.0","87.8","953.1"
"85","2011","11","Tamil Nadu","North Arcot / Vellore","0.0","34.4","0.0","66.4","43.6","-1.0","-1.0","-1.0","-1.0","-1.0","-1.0","-1.0","-1.0"
"85","2012","11","Tamil Nadu","North Arcot / Vellore","3.4","0.0","0.6","10.0","44.0","49.4","130.1","120.6","74.0","195.5","124.1","58.2","809.9"
"85","2013","11","Tamil Nadu","North Arcot / Vellore","0.0","20.9","25.0","16.6","70.4","82.0","54.0","127.3","191.8","145.0","55.8","3.8","792.6"
"85","2014","11","Tamil Nadu","North Arcot / Vellore","0.1","4.7","5.6","0.5","91.3","94.3","69.3","94.0","142.4","108.1","51.8","23.6","685.7"
"85","2015","11","Tamil Nadu","North Arcot / Vellore","1.3","0.3","10.5","92.5","62.7","103.2","56.6","153.3","131.5","140.2","524.1","83.0","1359.2"
"86","1966","11","Tamil Nadu","Salem","0.5","0.0","2.1","54.0","79.0","60.3","111.9","151.9","248.3","316.3","200.9","73.0","1298.2"
"86","1967","11","Tamil Nadu","Salem","66.1","0.0","60.4","3.6","44.7","77.2","88.9","67.4","84.4","130.1","144.5","132.6","899.8"
"86","1968","11","Tamil Nadu","Salem","0.3","0.0","17.1","52.0","101.4","36.2","39.2","102.8","176.5","149.7","50.4","43.0","768.7"
"86","1969","11","Tamil Nadu","Salem","0.0","0.0","2.2","21.1","114.1","17.8","34.0","140.9","40.0","250.7","181.5","100.1","902.3"
"86","1970","11","Tamil Nadu","Salem","6.0","27.3","1.6","78.3","135.4","61.7","97.6","122.6","114.4","279.4","69.8","0.5","994.6"
"86","1971","11","Tamil Nadu","Salem","24.8","2.3","20.9","36.0","123.3","43.8","114.1","147.5","159.1","163.9","47.7","103.9","987.3"
"86","1972","11","Tamil Nadu","Salem","0.0","0.0","0.0","37.4","177.5","99.7","51.0","62.9","202.1","293.9","46.8","308.6","1279.8"
"86","1973","11","Tamil Nadu","Salem","0.0","0.0","3.2","17.3","71.2","40.4","62.3","104.9","162.9","116.5","41.5","34.9","655.1"
"86","1974","11","Tamil Nadu","Salem","0.0","0.0","1.6","30.9","97.5","39.4","79.7","55.6","251.6","129.5","6.1","0.0","692.0"
"86","1975","11","Tamil Nadu","Salem","0.9","0.0","22.9","14.6","168.8","42.5","121.5","147.6","192.9","236.8","26.4","6.5","981.5"
"86","1976","11","Tamil Nadu","Salem","0.6","0.0","0.5","81.8","47.6","54.4","48.6","116.8","72.4","100.0","125.6","24.0","672.3"
"86","1977","11","Tamil Nadu","Salem","0.0","4.2","6.8","49.5","132.4","43.3","55.6","149.8","143.0","268.4","283.1","5.4","1141.5"
"86","1978","11","Tamil Nadu","Salem","0.0","3.0","21.2","52.1","66.7","57.4","117.7","73.1","162.2","141.3","268.7","79.4","1042.9"
"86","1979","11","Tamil Nadu","Salem","0.0","65.8","22.5","33.3","51.1","91.0","57.8","92.5","201.9","87.2","318.2","18.9","1040.2"
"86","1980","11","Tamil Nadu","Salem","0.0","0.0","18.8","23.4","130.0","24.2","90.7","41.7","83.0","138.7","162.8","7.6","721.0"
"86","1981","11","Tamil Nadu","Salem","1.5","0.0","21.9","40.1","157.7","25.0","139.9","101.4","266.6","301.0","55.0","33.5","1143.6"
"86","1982","11","Tamil Nadu","Salem","0.3","0.0","21.8","29.2","57.5","105.6","56.4","30.3","137.6","131.5","143.7","4.5","718.3"
"86","1983","11","Tamil Nadu","Salem","0.0","1.2","1.1","4.9","173.0","74.5","92.8","164.9","251.9","139.6","35.7","167.7","1107.2"
"86","1984","11","Tamil Nadu","Salem","5.9","77.0","76.3","44.0","50.0","28.2","165.2","32.7","175.8","143.4","38.9","37.0","874.5"
"86","1985","11","Tamil Nadu","Salem","33.5","0.0","18.8","65.5","40.7","118.3","88.5","135.2","242.5","71.9","73.7","29.2","917.8"
"86","1986","11","Tamil Nadu","Salem","39.1","15.8","5.5","36.0","128.2","50.6","52.4","83.6","190.1","182.2","134.5","7.9","925.9"
"86","1987","11","Tamil Nadu","Salem","4.4","0.0","57.6","53.5","47.4","121.4","45.8","112.1","199.1","278.0","76.7","65.5","1061.6"
"86","1988","11","Tamil Nadu","Salem","0.0","3.4","32.2","118.8","157.4","52.5","124.0","154.8","158.9","48.2","13.4","10.2","873.8"
"86","1989","11","Tamil Nadu","Salem","0.0","0.0","20.0","105.5","104.3","50.5","189.5","34.0","209.8","136.5","71.5","7.4","929.1"
"86","1990","11","Tamil Nadu","Salem","13.7","23.5","17.9","39.9","58.7","13.1","43.3","101.5","108.8","71.5","66.3","12.7","570.9"
"86","1991","11","Tamil Nadu","Salem","9.6","5.6","0.5","86.1","31.5","119.6","32.2","94.6","129.5","225.6","229.5","3.0","967.3"
"86","1992","11","Tamil Nadu","Salem","0.0","0.0","0.0","4.2","66.4","56.8","64.3","78.8","215.1","105.1","193.2","8.6","792.5"
"86","1993","11","Tamil Nadu","Salem","0.0","1.9","11.4","5.9","60.1","103.3","72.6","119.1","112.9","236.9","162.6","81.1","967.8"
"86","1994","11","Tamil Nadu","Salem","1.8","4.9","6.4","38.2","125.2","11.7","76.8","40.4","116.9","216.7","146.3","9.0","794.3"
"86","1995","11","Tamil Nadu","Salem","0.9","0.0","11.2","65.0","119.8","71.3","94.8","154.6","95.6","124.2","96.8","0.0","834.2"
"86","1996","11","Tamil Nadu","Salem","0.0","0.0","0.0","101.3","60.3","93.6","47.3","154.6","177.5","143.0","37.2","149.0","963.8"
"86","1997","11","Tamil Nadu","Salem","1.7","8.9","20.1","52.4","55.7","31.8","63.4","76.8","179.0","211.9","233.8","83.7","1019.2"
"86","1998","11","Tamil Nadu","Salem","0.7","0.0","0.1","12.2","80.0","38.4","115.8","239.1","106.3","195.6","147.1","148.0","1083.3"
"86","1999","11","Tamil Nadu","Salem","0.0","0.0","0.0","67.1","136.5","59.9","69.0","112.5","154.5","241.5","187.9","41.1","1070.0"
"86","2000","11","Tamil Nadu","Salem","0.7","13.0","0.3","34.7","105.3","22.5","22.9","152.6","275.0","126.4","121.6","58.3","933.3"
"86","2001","11","Tamil Nadu","Salem","1.3","0.0","3.4","104.7","43.3","14.5","122.2","80.2","180.0","117.7","58.5","22.7","748.5"
"86","2002","11","Tamil Nadu","Salem","0.4","3.4","8.4","10.4","79.6","35.0","26.9","70.7","77.4","129.0","88.3","6.3","535.8"
"86","2003","11","Tamil Nadu","Salem","0.0","1.7","45.5","46.8","90.4","72.1","88.7","209.3","61.1","260.9","82.4","17.6","976.5"
"86","2004","11","Tamil Nadu","Salem","0.0","0.0","0.3","46.0","344.4","47.4","107.4","38.3","141.6","196.1","82.4","0.0","1003.9"
"86","2005","11","Tamil Nadu","Salem","0.0","2.2","16.3","125.1","57.2","36.5","82.1","154.6","134.9","282.0","260.6","64.5","1216.0"
"86","2006","11","Tamil Nadu","Salem","43.0","0.0","37.0","30.3","86.2","46.5","30.0","102.1","192.7","191.5","142.3","13.6","915.2"
"86","2007","11","Tamil Nadu","Salem","0.1","0.5","0.0","59.8","28.8","30.3","114.1","205.3","138.3","171.9","46.6","157.1","952.8"
"86","2008","11","Tamil Nadu","Salem","4.6","10.4","99.4","35.5","132.2","53.1","95.8","244.9","72.5","148.8","197.0","13.2","1107.4"
"86","2009","11","Tamil Nadu","Salem","2.3","0.0","16.9","42.4","130.4","12.3","46.7","92.0","241.0","55.9","287.3","93.2","1020.4"
"86","2010","11","Tamil Nadu","Salem","5.1","0.0","0.0","0.0","124.2","124.5","111.9","202.8","106.6","165.0","328.7","70.5","1239.3"
"86","2011","11","Tamil Nadu","Salem","2.4","6.3","20.5","144.1","46.8","-1.0","-1.0","-1.0","-1.0","-1.0","-1.0","-1.0","-1.0"
"86","2012","11","Tamil Nadu","Salem","0.0","0.0","0.0","36.1","79.2","52.4","99.4","144.6","144.6","198.3","62.0","14.9","831.5"
"86","2013","11","Tamil Nadu","Salem","0.0","13.0","1.2","38.1","30.8","84.8","45.2","141.2","221.0","123.4","89.6","42.6","830.9"
"86","2014","11","Tamil Nadu","Salem","0.0","1.1","6.8","5.1","142.2","80.1","22.2","122.7","144.8","253.3","53.9","25.5","857.7"
"86","2015","11","Tamil Nadu","Salem","17.5","4.5","30.0","143.3","103.7","80.3","31.9","104.0","132.1","152.2","276.5","59.3","1135.3"
"87","1966","11","Tamil Nadu","Coimbatore","13.6","0.5","13.4","24.4","33.3","98.2","219.4","74.7","164.4","272.5","159.2","71.6","1145.1"
"87","1967","11","Tamil Nadu","Coimbatore","21.7","0.0","17.8","59.6","57.1","128.7","204.2","122.8","31.1","99.3","91.2","38.5","872.0"
"87","1968","11","Tamil Nadu","Coimbatore","0.9","8.6","39.8","68.8","72.4","144.6","401.8","143.9","162.3","64.1","84.5","44.7","1236.4"
"87","1969","11","Tamil Nadu","Coimbatore","1.8","1.2","14.4","26.4","58.2","98.7","275.1","215.3","72.5","175.5","94.8","73.4","1107.2"
"87","1970","11","Tamil Nadu","Coimbatore","8.0","10.2","5.6","63.1","102.4","124.9","140.4","127.6","84.7","193.5","115.6","10.3","986.2"
"87","1971","11","Tamil Nadu","Coimbatore","23.7","1.1","20.0","42.4","40.7","305.5","154.0","189.8","232.9","250.4","49.6","162.0","1472.2"
"87","1972","11","Tamil Nadu","Coimbatore","0.1","0.0","0.0","26.9","193.0","81.6","227.5","46.8","145.9","148.2","93.3","115.3","1078.4"
"87","1973","11","Tamil Nadu","Coimbatore","0.0","0.0","3.0","45.7","47.4","241.4","257.5","185.2","68.9","164.2","43.2","98.6","1155.2"
"87","1974","11","Tamil Nadu","Coimbatore","0.0","0.0","0.9","32.0","53.3","73.0","312.4","212.5","176.7","57.4","58.8","13.7","990.8"
"87","1975","11","Tamil Nadu","Coimbatore","0.1","8.1","53.0","32.9","86.5","271.9","166.6","336.9","216.0","101.8","61.3","11.9","1347.0"
"87","1976","11","Tamil Nadu","Coimbatore","0.0","0.0","0.0","87.8","32.3","46.4","116.4","106.3","111.3","139.4","234.4","11.5","885.8"
"87","1977","11","Tamil Nadu","Coimbatore","0.0","9.6","18.0","92.6","139.2","101.0","218.1","95.6","177.8","343.8","231.3","3.6","1430.5"
"87","1978","11","Tamil Nadu","Coimbatore","0.0","7.6","14.4","38.1","99.7","172.5","259.6","279.5","90.4","149.1","214.3","84.2","1409.5"
"87","1979","11","Tamil Nadu","Coimbatore","0.0","101.9","12.8","46.1","80.1","257.1","330.6","320.3","181.0","168.2","499.2","10.8","2008.4"
"87","1980","11","Tamil Nadu","Coimbatore","0.0","0.0","64.5","77.1","166.5","272.9","324.1","200.6","131.4","169.5","178.0","13.7","1598.6"
"87","1981","11","Tamil Nadu","Coimbatore","2.0","1.7","69.2","40.5","104.4","413.6","245.3","206.9","283.6","196.5","58.8","36.4","1658.9"
"87","1982","11","Tamil Nadu","Coimbatore","0.0","0.0","13.3","38.9","86.5","155.6","203.8","149.3","73.6","139.1","155.2","14.6","1030.1"
"87","1983","11","Tamil Nadu","Coimbatore","0.0","0.8","9.2","9.9","121.9","213.1","257.2","247.9","123.6","130.8","118.8","100.6","1333.8"
"87","1984","11","Tamil Nadu","Coimbatore","16.3","45.3","109.7","37.0","38.2","316.3","303.4","149.0","132.5","240.4","61.6","55.3","1505.1"
"87","1985","11","Tamil Nadu","Coimbatore","62.5","2.1","2.9","59.8","66.0","426.9","215.4","200.3","142.1","89.1","130.2","40.8","1438.0"
"87","1986","11","Tamil Nadu","Coimbatore","21.8","38.7","15.3","21.8","62.9","158.7","102.6","167.8","95.2","143.1","85.7","9.7","923.3"
"87","1987","11","Tamil Nadu","Coimbatore","2.6","0.4","24.7","20.7","88.8","139.2","90.8","154.4","102.4","183.0","95.4","187.0","1089.6"
"87","1988","11","Tamil Nadu","Coimbatore","0.0","8.0","27.5","146.5","101.0","131.3","296.6","213.6","191.9","78.0","44.6","8.0","1247.0"
"87","1989","11","Tamil Nadu","Coimbatore","0.7","0.1","48.2","63.8","80.3","154.7","290.9","121.9","155.8","154.4","103.6","9.8","1184.2"
"87","1990","11","Tamil Nadu","Coimbatore","56.7","0.0","34.5","53.7","78.6","12.2","12.5","23.0","16.9","178.4","112.6","15.4","594.5"
"87","1991","11","Tamil Nadu","Coimbatore","20.8","0.0","11.1","50.0","54.5","56.0","54.1","27.3","37.3","87.4","61.1","7.0","466.6"
"87","1992","11","Tamil Nadu","Coimbatore","0.1","0.0","0.0","15.9","61.5","61.0","35.5","29.8","143.7","62.8","251.8","18.9","681.0"
"87","1993","11","Tamil Nadu","Coimbatore","0.0","10.6","12.0","7.5","68.7","20.6","27.0","28.6","26.4","168.2","278.8","41.9","690.3"
"87","1994","11","Tamil Nadu","Coimbatore","11.6","13.3","4.3","94.3","50.2","21.5","49.8","2.9","57.3","238.8","173.9","1.3","719.2"
"87","1995","11","Tamil Nadu","Coimbatore","0.7","0.2","3.9","43.3","74.1","12.4","28.3","34.8","19.6","72.0","99.5","0.0","388.8"
"87","1996","11","Tamil Nadu","Coimbatore","3.3","12.1","6.4","97.3","26.5","41.8","32.1","49.7","66.7","156.2","62.2","176.1","730.4"
"87","1997","11","Tamil Nadu","Coimbatore","10.0","9.8","30.0","29.5","52.4","29.1","48.4","24.4","62.0","234.3","302.8","73.0","905.7"
"87","1998","11","Tamil Nadu","Coimbatore","0.0","0.0","0.4","22.8","29.4","24.1","61.1","68.3","47.8","40.0","226.4","147.7","668.0"
"87","1999","11","Tamil Nadu","Coimbatore","0.4","7.7","0.7","54.5","34.0","12.2","18.2","18.7","43.8","421.6","128.2","32.3","772.3"
"87","2000","11","Tamil Nadu","Coimbatore","2.4","54.0","2.1","54.0","29.1","30.4","32.6","128.4","166.9","36.3","101.1","47.8","685.1"
"87","2001","11","Tamil Nadu","Coimbatore","6.1","0.4","3.8","126.4","14.1","47.9","30.5","29.0","46.4","129.5","140.1","32.3","606.5"
"87","2002","11","Tamil Nadu","Coimbatore","1.5","2.3","20.0","14.6","25.0","22.1","20.0","36.0","35.2","188.5","59.0","23.8","448.0"
"87","2003","11","Tamil Nadu","Coimbatore","0.0","12.8","131.4","55.9","19.9","22.8","17.7","33.8","15.8","187.8","109.4","8.2","615.5"
"87","2004","11","Tamil Nadu","Coimbatore","16.4","0.3","3.7","57.9","140.4","27.2","42.8","34.8","128.5","153.5","106.3","0.4","712.2"
"87","2005","11","Tamil Nadu","Coimbatore","7.7","20.7","45.6","119.8","131.1","25.7","76.6","39.0","363.0","242.1","202.1","61.5","1334.9"
"87","2006","11","Tamil Nadu","Coimbatore","17.7","0.0","55.8","40.2","66.1","31.6","22.3","27.1","60.5","133.6","308.8","1.9","765.6"
"87","2007","11","Tamil Nadu","Coimbatore","5.2","5.9","0.0","56.9","71.5","36.8","39.1","77.1","51.3","197.6","51.0","129.4","721.8"
"87","2008","11","Tamil Nadu","Coimbatore","3.6","21.4","112.1","28.4","50.3","145.1","212.8","207.6","129.5","240.4","54.5","17.3","1223.0"
"87","2009","11","Tamil Nadu","Coimbatore","1.3","0.0","46.2","28.7","82.4","40.3","12.7","120.6","283.8","35.1","155.4","41.4","847.9"
"87","2010","11","Tamil Nadu","Coimbatore","1.8","0.0","1.9","58.9","168.6","34.1","40.0","55.3","58.6","168.7","234.2","34.1","856.2"
"87","2011","11","Tamil Nadu","Coimbatore","0.0","82.9","8.5","140.6","45.5","-1.0","-1.0","-1.0","-1.0","-1.0","-1.0","-1.0","-1.0"
"87","2012","11","Tamil Nadu","Coimbatore","1.8","0.8","0.1","68.9","47.0","41.8","48.3","44.1","28.2","229.6","42.5","6.4","559.5"
"87","2013","11","Tamil Nadu","Coimbatore","0.0","57.8","19.1","54.2","47.9","154.4","126.2","93.3","87.5","160.4","70.6","26.9","898.3"
"87","2014","11","Tamil Nadu","Coimbatore","1.2","3.9","20.2","19.6","101.2","112.5","229.8","249.0","172.9","258.7","16.5","36.4","1221.9"
"87","2015","11","Tamil Nadu","Coimbatore","0.0","0.0","27.3","129.8","185.2","104.6","52.2","60.3","92.3","113.1","193.1","34.9","992.8"
"88","1966","11","Tamil Nadu","Tiruchirapalli / Trichy","4.8","0.6","2.1","18.4","6.9","66.5","37.9","196.7","216.4","309.8","152.4","69.3","1081.8"
"88","1967","11","Tamil Nadu","Tiruchirapalli / Trichy","20.8","0.3","26.3","4.5","27.4","83.0","25.0","60.7","101.2","169.5","131.7","183.0","833.2"
"88","1968","11","Tamil Nadu","Tiruchirapalli / Trichy","1.1","1.5","69.4","122.5","81.7","14.0","4.4","63.9","144.8","127.0","110.1","52.3","792.6"
"88","1969","11","Tamil Nadu","Tiruchirapalli / Trichy","0.0","0.2","0.0","11.9","27.3","22.0","4.7","98.6","26.5","185.6","163.1","92.7","632.6"
"88","1970","11","Tamil Nadu","Tiruchirapalli / Trichy","15.4","5.1","4.7","70.3","99.7","29.6","94.0","71.7","78.8","223.4","163.2","11.1","867.0"
"88","1971","11","Tamil Nadu","Tiruchirapalli / Trichy","3.3","26.4","16.4","30.8","74.5","8.6","10.8","115.0","123.2","127.5","62.7","162.0","761.2"
"88","1972","11","Tamil Nadu","Tiruchirapalli / Trichy","0.0","0.0","0.0","0.8","98.0","38.4","7.3","13.6","254.7","287.4","70.7","217.0","987.9"
"88","1973","11","Tamil Nadu","Tiruchirapalli / Trichy","0.0","0.0","0.0","1.6","40.8","26.2","77.1","22.2","215.3","176.5","48.8","116.4","724.8"
"88","1974","11","Tamil Nadu","Tiruchirapalli / Trichy","0.0","1.7","2.0","9.4","58.4","21.8","23.3","33.4","229.9","117.2","11.5","21.1","529.8"
"88","1975","11","Tamil Nadu","Tiruchirapalli / Trichy","4.0","0.0","22.6","0.3","79.8","2.6","84.2","56.7","149.5","154.0","90.9","40.7","685.2"
"88","1976","11","Tamil Nadu","Tiruchirapalli / Trichy","0.0","0.0","18.6","75.1","27.3","56.4","24.8","149.0","97.0","87.7","159.3","30.9","726.1"
"88","1977","11","Tamil Nadu","Tiruchirapalli / Trichy","0.0","24.0","4.7","51.1","91.8","26.0","17.3","124.0","117.0","331.3","320.0","12.0","1119.3"
"88","1978","11","Tamil Nadu","Tiruchirapalli / Trichy","0.0","5.4","0.0","30.2","44.2","0.0","54.7","4.5","127.8","130.9","289.7","149.1","836.6"
"88","1979","11","Tamil Nadu","Tiruchirapalli / Trichy","1.6","21.2","14.5","7.0","17.0","57.2","82.2","80.1","227.1","165.8","354.1","27.9","1055.9"
"88","1980","11","Tamil Nadu","Tiruchirapalli / Trichy","0.0","0.0","0.9","27.5","28.2","9.8","1.5","5.2","46.3","160.9","104.5","19.4","404.0"
"88","1981","11","Tamil Nadu","Tiruchirapalli / Trichy","1.1","0.0","9.9","2.4","116.6","3.5","81.6","39.9","195.4","282.6","138.2","74.4","945.5"
"88","1982","11","Tamil Nadu","Tiruchirapalli / Trichy","0.0","0.0","0.0","18.9","45.1","15.7","20.4","26.2","134.9","81.2","182.5","24.5","549.4"
"88","1983","11","Tamil Nadu","Tiruchirapalli / Trichy","0.0","0.0","0.0","0.3","85.4","44.4","50.1","67.9","224.4","137.8","35.8","310.8","956.7"
"88","1984","11","Tamil Nadu","Tiruchirapalli / Trichy","45.7","111.6","99.0","45.6","8.4","0.0","123.1","29.5","130.9","136.5","51.1","82.1","863.6"
"88","1985","11","Tamil Nadu","Tiruchirapalli / Trichy","68.9","0.0","0.5","14.9","14.6","31.5","19.6","91.0","153.2","75.6","110.1","20.4","600.4"
"88","1986","11","Tamil Nadu","Tiruchirapalli / Trichy","54.6","10.1","30.4","0.0","36.2","18.9","19.4","138.7","125.9","143.5","113.6","44.9","736.2"
"88","1987","11","Tamil Nadu","Tiruchirapalli / Trichy","0.5","0.3","7.0","8.3","4.3","30.8","23.5","58.3","122.1","87.6","46.4","145.5","534.7"
"88","1988","11","Tamil Nadu","Tiruchirapalli / Trichy","0.0","0.0","11.4","67.7","48.0","39.6","96.7","130.1","154.1","69.2","48.0","14.7","679.5"
"88","1989","11","Tamil Nadu","Tiruchirapalli / Trichy","0.2","0.0","8.2","13.8","32.4","22.9","112.2","8.7","143.3","102.9","106.4","22.6","573.6"
"88","1990","11","Tamil Nadu","Tiruchirapalli / Trichy","56.7","12.8","29.3","10.0","54.4","6.6","12.0","68.9","134.7","104.9","54.7","40.8","585.8"
"88","1991","11","Tamil Nadu","Tiruchirapalli / Trichy","7.1","1.0","0.1","31.7","13.0","86.8","3.9","50.7","144.9","154.0","191.1","31.9","716.2"
"88","1992","11","Tamil Nadu","Tiruchirapalli / Trichy","0.0","0.0","0.0","12.4","37.0","38.0","58.9","26.5","173.0","84.3","325.6","61.8","817.5"
"88","1993","11","Tamil Nadu","Tiruchirapalli / Trichy","0.0","0.5","3.5","2.1","16.1","66.2","32.1","85.0","94.6","186.1","295.2","209.0","990.4"
"88","1994","11","Tamil Nadu","Tiruchirapalli / Trichy","0.0","27.0","0.6","44.6","113.3","1.1","13.8","35.2","80.2","172.3","152.7","25.8","666.6"
"88","1995","11","Tamil Nadu","Tiruchirapalli / Trichy","1.7","0.0","6.7","14.9","108.9","19.7","59.4","99.4","67.0","96.0","88.5","1.5","563.7"
"88","1996","11","Tamil Nadu","Tiruchirapalli / Trichy","0.3","0.0","0.0","29.3","36.8","70.3","23.7","132.0","127.3","91.4","71.1","230.4","812.6"
"88","1997","11","Tamil Nadu","Tiruchirapalli / Trichy","18.1","10.2","6.1","49.1","40.9","36.9","14.4","7.0","117.2","205.5","272.8","104.4","882.6"
"88","1998","11","Tamil Nadu","Tiruchirapalli / Trichy","0.3","1.9","0.0","9.8","49.8","2.2","37.1","152.1","155.8","93.2","266.4","200.3","968.9"
"88","1999","11","Tamil Nadu","Tiruchirapalli / Trichy","0.0","1.5","0.0","64.1","73.2","15.9","7.6","75.1","38.1","173.9","302.7","39.8","791.9"
"88","2000","11","Tamil Nadu","Tiruchirapalli / Trichy","15.2","10.0","0.0","37.8","34.7","1.3","36.0","114.8","169.8","101.2","187.3","55.0","763.1"
"88","2001","11","Tamil Nadu","Tiruchirapalli / Trichy","2.1","0.1","0.0","44.8","25.1","8.8","54.3","27.6","106.8","95.9","100.6","46.0","512.1"
"88","2002","11","Tamil Nadu","Tiruchirapalli / Trichy","0.1","44.5","0.0","2.6","65.0","68.1","3.3","38.9","76.3","151.6","54.7","10.7","515.8"
"88","2003","11","Tamil Nadu","Tiruchirapalli / Trichy","0.7","0.0","23.5","19.5","84.6","34.0","52.5","167.0","116.5","217.4","181.5","13.7","910.9"
"88","2004","11","Tamil Nadu","Tiruchirapalli / Trichy","1.8","0.0","0.0","7.1","272.0","19.7","88.3","6.3","243.4","225.1","138.9","0.9","1003.5"
"88","2005","11","Tamil Nadu","Tiruchirapalli / Trichy","0.2","0.7","20.8","126.4","93.8","2.9","80.0","72.2","89.8","330.0","376.3","152.3","1345.4"
"88","2006","11","Tamil Nadu","Tiruchirapalli / Trichy","11.4","0.0","41.4","31.8","79.0","31.5","0.6","104.9","156.0","166.3","126.4","11.2","760.5"
"88","2007","11","Tamil Nadu","Tiruchirapalli / Trichy","0.0","1.0","0.0","46.2","83.4","50.8","36.1","140.2","36.7","179.4","47.4","259.9","881.1"
"88","2008","11","Tamil Nadu","Tiruchirapalli / Trichy","8.4","22.0","111.2","15.6","66.9","4.0","108.0","85.2","61.9","168.6","353.3","53.7","1058.8"
"88","2009","11","Tamil Nadu","Tiruchirapalli / Trichy","7.6","0.0","3.6","19.2","28.8","21.1","8.4","109.4","92.4","32.4","269.0","83.9","675.8"
"88","2010","11","Tamil Nadu","Tiruchirapalli / Trichy","7.5","0.0","0.0","1.7","131.5","62.3","46.0","81.0","124.5","128.1","282.2","97.9","962.7"
"88","2011","11","Tamil Nadu","Tiruchirapalli / Trichy","1.9","3.2","2.9","78.1","16.7","-1.0","-1.0","-1.0","-1.0","-1.0","-1.0","-1.0","-1.0"
"88","2012","11","Tamil Nadu","Tiruchirapalli / Trichy","7.9","8.3","35.9","28.0","8.9","0.0","0.0","0.4","0.0","198.0","99.0","33.4","419.8"
"88","2013","11","Tamil Nadu","Tiruchirapalli / Trichy","0.8","5.7","14.4","1.6","42.2","5.4","1.3","83.3","117.9","85.5","127.1","37.7","522.9"
"88","2014","11","Tamil Nadu","Tiruchirapalli / Trichy","0.0","4.0","0.1","1.2","128.8","13.3","13.4","65.7","50.3","143.5","76.3","39.3","535.9"
"88","2015","11","Tamil Nadu","Tiruchirapalli / Trichy","10.2","2.0","0.4","103.8","107.5","24.9","13.1","56.4","102.9","169.9","209.8","63.5","864.4"
"89","1966","11","Tamil Nadu","Thanjavur","27.5","0.0","14.5","38.9","44.7","43.7","40.9","329.9","211.5","444.0","191.9","119.8","1507.3"
"89","1967","11","Tamil Nadu","Thanjavur","19.0","1.4","46.4","23.4","17.4","48.3","31.8","117.6","67.5","297.1","208.1","350.4","1228.6"
"89","1968","11","Tamil Nadu","Thanjavur","5.3","3.5","37.4","147.8","33.2","20.7","22.5","59.1","181.5","107.9","203.3","112.2","934.5"
"89","1969","11","Tamil Nadu","Thanjavur","2.5","7.0","0.2","13.6","16.5","41.7","15.9","136.0","38.4","218.9","245.4","198.0","934.1"
"89","1970","11","Tamil Nadu","Thanjavur","86.6","15.4","2.3","55.0","124.2","79.2","87.6","152.9","77.2","179.8","399.4","30.8","1290.5"
"89","1971","11","Tamil Nadu","Thanjavur","28.2","10.7","72.0","50.9","67.5","32.2","102.1","158.0","101.6","242.7","97.4","349.2","1312.4"
"89","1972","11","Tamil Nadu","Thanjavur","2.7","0.0","0.0","0.4","164.0","18.8","51.8","32.6","200.9","263.8","162.4","298.3","1195.8"
"89","1973","11","Tamil Nadu","Thanjavur","0.1","0.0","3.9","2.7","49.8","53.4","81.4","76.8","137.7","237.1","109.6","157.1","909.6"
"89","1974","11","Tamil Nadu","Thanjavur","0.1","24.2","22.1","12.6","56.3","77.5","54.3","69.2","201.0","118.5","12.2","77.9","725.9"
"89","1975","11","Tamil Nadu","Thanjavur","14.4","0.0","79.6","23.8","41.3","12.7","133.8","156.4","168.2","227.5","210.4","124.8","1192.8"
"89","1976","11","Tamil Nadu","Thanjavur","0.5","0.5","13.6","42.9","11.3","69.8","48.1","175.8","120.5","156.9","304.2","150.0","1094.0"
"89","1977","11","Tamil Nadu","Thanjavur","0.7","26.5","13.1","24.6","83.1","33.1","48.5","163.7","91.7","391.6","483.0","27.1","1386.7"
"89","1978","11","Tamil Nadu","Thanjavur","0.1","2.3","0.0","17.0","45.5","11.7","101.8","51.4","99.7","164.6","392.1","291.3","1177.4"
"89","1979","11","Tamil Nadu","Thanjavur","0.2","20.6","37.3","3.6","11.8","33.8","83.7","122.7","187.7","170.9","398.6","102.5","1173.4"
"89","1980","11","Tamil Nadu","Thanjavur","0.0","0.0","4.2","31.7","28.4","20.1","34.3","54.2","59.5","120.6","104.5","49.8","507.4"
"89","1981","11","Tamil Nadu","Thanjavur","7.1","0.0","6.8","3.6","90.8","8.2","133.3","62.4","220.5","283.7","234.8","142.6","1194.0"
"89","1982","11","Tamil Nadu","Thanjavur","0.0","0.0","2.1","11.1","13.6","12.7","40.0","31.3","78.1","112.2","278.9","30.3","610.4"
"89","1983","11","Tamil Nadu","Thanjavur","0.2","0.0","0.0","0.0","68.0","39.2","68.2","183.7","164.7","75.4","82.4","606.8","1288.6"
"89","1984","11","Tamil Nadu","Thanjavur","76.7","217.1","72.0","51.8","0.0","10.2","167.1","43.8","130.5","131.2","150.7","98.5","1149.5"
"89","1985","11","Tamil Nadu","Thanjavur","111.9","2.1","0.0","14.7","11.7","74.1","55.1","153.4","108.2","139.6","291.5","78.2","1040.4"
"89","1986","11","Tamil Nadu","Thanjavur","121.1","42.7","43.5","27.3","60.4","12.2","65.5","130.8","113.3","136.3","198.9","137.2","1089.2"
"89","1987","11","Tamil Nadu","Thanjavur","7.1","0.4","21.4","3.5","44.7","44.3","12.8","101.0","97.8","178.8","107.4","322.1","941.5"
"89","1988","11","Tamil Nadu","Thanjavur","0.0","2.1","20.0","84.5","24.3","33.0","44.0","111.6","122.7","50.7","219.4","41.5","753.7"
"89","1989","11","Tamil Nadu","Thanjavur","4.1","0.0","4.0","12.3","25.0","54.5","103.0","40.3","147.0","134.9","187.0","65.2","777.3"
"89","1990","11","Tamil Nadu","Thanjavur","99.5","6.9","55.9","7.8","69.4","13.1","36.2","107.8","167.8","259.6","134.8","106.3","1065.1"
"89","1991","11","Tamil Nadu","Thanjavur","54.0","4.0","1.2","5.7","0.5","78.9","13.9","60.2","100.8","240.5","442.3","76.3","1078.3"
"89","1992","11","Tamil Nadu","Thanjavur","1.6","0.0","0.0","11.5","41.0","56.8","63.8","36.4","156.1","125.8","415.9","100.5","1009.4"
"89","1993","11","Tamil Nadu","Thanjavur","0.0","0.0","6.3","0.5","15.4","46.1","71.8","55.0","59.1","307.9","600.4","347.5","1510.0"
"89","1994","11","Tamil Nadu","Thanjavur","2.2","67.2","4.6","26.4","59.8","11.4","49.5","58.4","46.1","144.2","285.1","40.4","795.3"
"89","1995","11","Tamil Nadu","Thanjavur","50.7","1.5","13.2","23.8","114.7","68.7","67.1","54.4","84.8","161.2","134.0","9.5","783.6"
"89","1996","11","Tamil Nadu","Thanjavur","7.6","0.0","0.0","80.4","22.6","100.4","27.5","172.2","172.0","130.0","195.8","428.7","1337.2"
"89","1997","11","Tamil Nadu","Thanjavur","45.6","32.8","37.0","51.5","87.7","36.0","108.2","19.2","126.9","200.8","422.8","259.3","1427.8"
"89","1998","11","Tamil Nadu","Thanjavur","2.2","1.0","0.0","1.3","89.5","12.9","51.2","154.9","132.4","76.0","271.8","295.9","1089.1"
"89","1999","11","Tamil Nadu","Thanjavur","0.0","22.2","0.0","46.9","46.5","4.2","11.7","91.9","38.2","205.0","314.1","43.4","824.1"
"89","2000","11","Tamil Nadu","Thanjavur","66.8","83.7","1.6","25.3","55.6","6.1","7.5","40.6","160.9","125.7","312.0","188.2","1074.0"
"89","2001","11","Tamil Nadu","Thanjavur","4.9","6.6","0.0","63.6","63.3","14.4","70.6","48.8","130.0","162.9","173.6","113.3","852.0"
"89","2002","11","Tamil Nadu","Thanjavur","12.0","195.0","0.0","7.9","60.9","89.7","33.8","23.4","46.1","313.2","93.6","50.6","926.2"
"89","2003","11","Tamil Nadu","Thanjavur","0.0","0.0","4.4","23.8","37.9","30.1","75.1","219.3","39.8","167.1","285.2","11.1","893.8"
"89","2004","11","Tamil Nadu","Thanjavur","3.9","0.1","1.8","8.7","301.1","16.1","46.4","57.2","234.7","394.7","223.7","20.9","1309.3"
"89","2005","11","Tamil Nadu","Thanjavur","0.6","2.0","9.7","93.4","102.2","7.5","52.6","92.1","150.9","242.3","508.5","202.4","1464.2"
"89","2006","11","Tamil Nadu","Thanjavur","11.0","0.0","39.0","28.8","65.0","30.2","1.8","70.5","150.3","222.1","185.2","37.8","841.7"
"89","2007","11","Tamil Nadu","Thanjavur","0.5","9.0","0.0","57.7","46.0","29.1","36.5","152.7","68.7","278.6","62.5","326.3","1067.6"
"89","2008","11","Tamil Nadu","Thanjavur","6.1","17.3","140.0","3.6","11.1","23.4","58.0","134.9","39.1","184.1","723.8","107.4","1448.8"
"89","2009","11","Tamil Nadu","Thanjavur","19.4","0.0","18.6","55.4","23.2","5.0","10.7","137.0","72.1","65.8","507.9","381.6","1296.7"
"89","2010","11","Tamil Nadu","Thanjavur","39.7","0.0","0.0","2.5","103.5","44.6","39.9","144.2","162.3","209.3","398.7","229.1","1373.8"
"89","2011","11","Tamil Nadu","Thanjavur","18.8","15.8","0.0","88.8","6.5","-1.0","-1.0","-1.0","-1.0","-1.0","-1.0","-1.0","-1.0"
"89","2012","11","Tamil Nadu","Thanjavur","2.1","0.8","7.3","9.6","13.0","12.6","31.6","80.5","88.6","334.0","86.4","19.0","685.5"
"89","2013","11","Tamil Nadu","Thanjavur","14.5","14.8","53.5","0.8","20.7","24.6","11.5","146.5","117.0","94.2","131.4","86.2","715.7"
"89","2014","11","Tamil Nadu","Thanjavur","4.2","10.5","0.0","0.1","131.0","7.5","51.7","115.9","40.6","233.0","175.6","140.5","910.6"
"89","2015","11","Tamil Nadu","Thanjavur","1.8","0.0","6.9","91.9","99.2","28.7","47.1","78.4","55.4","153.1","328.7","212.6","1103.8"
"90","1966","11","Tamil Nadu","Madurai","16.2","6.1","7.0","39.6","16.2","65.9","34.2","198.9","219.0","241.7","136.1","99.3","1080.1"
"90","1967","11","Tamil Nadu","Madurai","0.5","0.1","90.7","20.3","35.8","80.2","14.8","47.8","92.1","184.2","104.9","79.5","751.0"
"90","1968","11","Tamil Nadu","Madurai","0.7","2.7","38.7","126.8","7.0","38.8","0.6","50.6","72.1","150.1","196.8","36.0","721.0"
"90","1969","11","Tamil Nadu","Madurai","0.1","12.4","0.0","69.7","36.0","27.3","12.1","127.9","48.4","162.9","66.6","99.4","662.9"
"90","1970","11","Tamil Nadu","Madurai","3.6","18.0","1.7","50.8","70.5","32.6","81.4","172.9","106.9","301.9","167.8","1.1","1009.3"
"90","1971","11","Tamil Nadu","Madurai","10.0","10.4","14.5","19.0","89.3","19.2","98.0","181.1","135.4","271.8","58.0","194.6","1101.2"
"90","1972","11","Tamil Nadu","Madurai","0.8","1.0","0.0","3.0","211.5","47.9","17.1","37.6","176.9","280.3","121.1","44.2","941.5"
"90","1973","11","Tamil Nadu","Madurai","0.0","0.0","4.3","20.9","62.8","19.4","66.0","30.6","196.7","202.7","54.9","171.2","829.4"
"90","1974","11","Tamil Nadu","Madurai","0.1","3.9","2.2","43.7","27.7","43.6","23.1","25.0","152.1","94.5","38.6","9.6","464.0"
"90","1975","11","Tamil Nadu","Madurai","1.1","2.2","43.4","13.1","104.7","0.6","111.6","72.9","191.7","90.5","102.8","11.3","745.9"
"90","1976","11","Tamil Nadu","Madurai","0.4","0.0","11.6","68.8","31.6","41.8","33.4","115.7","176.8","90.5","154.2","47.0","771.8"
"90","1977","11","Tamil Nadu","Madurai","0.0","24.3","15.4","58.5","138.8","25.4","47.0","159.3","158.4","344.2","259.5","3.7","1234.5"
"90","1978","11","Tamil Nadu","Madurai","0.0","6.6","1.9","42.9","42.6","1.6","57.8","12.6","154.4","163.5","141.4","133.9","759.3"
"90","1979","11","Tamil Nadu","Madurai","4.3","45.8","14.4","26.0","22.5","29.0","46.9","59.6","160.3","101.8","462.1","3.8","976.5"
"90","1980","11","Tamil Nadu","Madurai","0.0","0.0","15.9","71.5","53.0","9.2","10.5","18.0","134.1","138.3","88.5","32.8","571.9"
"90","1981","11","Tamil Nadu","Madurai","1.7","3.8","20.8","18.5","68.4","70.9","97.0","57.0","292.1","261.5","99.8","61.1","1052.6"
"90","1982","11","Tamil Nadu","Madurai","0.1","0.0","10.1","45.8","62.9","17.6","22.3","43.2","92.0","110.2","180.6","23.9","608.6"
"90","1983","11","Tamil Nadu","Madurai","0.0","0.0","0.0","0.4","114.1","65.7","74.5","71.6","113.9","137.8","99.8","136.9","814.8"
"90","1984","11","Tamil Nadu","Madurai","13.0","95.9","113.3","58.8","18.3","0.2","95.9","31.5","131.9","115.3","49.7","32.5","756.2"
"90","1985","11","Tamil Nadu","Madurai","88.8","1.1","13.2","21.7","26.4","25.1","31.0","104.3","155.9","72.9","96.9","14.7","652.1"
"90","1986","11","Tamil Nadu","Madurai","16.3","9.2","12.5","11.1","77.8","9.1","85.0","76.1","83.7","144.7","138.2","30.0","693.7"
"90","1987","11","Tamil Nadu","Madurai","0.0","0.0","42.1","24.3","79.6","50.4","8.6","76.3","209.1","0.0","0.0","103.6","594.0"
"90","1988","11","Tamil Nadu","Madurai","0.0","3.6","31.8","137.4","41.0","31.2","89.9","108.8","127.9","116.8","59.2","7.4","755.1"
"90","1989","11","Tamil Nadu","Madurai","2.0","0.0","39.4","56.1","64.9","35.9","157.8","59.4","143.6","251.9","88.5","4.4","903.8"
"90","1990","11","Tamil Nadu","Madurai","195.5","8.1","27.3","11.7","56.0","23.6","20.7","24.0","111.0","181.8","185.6","33.4","878.7"
"90","1991","11","Tamil Nadu","Madurai","46.3","1.2","6.9","75.5","23.8","71.1","21.9","37.3","142.8","204.9","118.1","35.5","785.3"
"90","1992","11","Tamil Nadu","Madurai","1.4","0.0","0.0","80.3","102.1","31.0","55.2","54.6","170.7","142.1","265.0","42.8","945.2"
"90","1993","11","Tamil Nadu","Madurai","0.0","13.5","20.9","18.7","63.8","32.4","39.5","104.4","104.1","202.9","353.3","90.8","1044.3"
"90","1994","11","Tamil Nadu","Madurai","9.1","23.2","8.3","64.2","88.1","1.6","38.3","58.9","53.8","279.7","152.0","1.5","778.7"
"90","1995","11","Tamil Nadu","Madurai","10.4","3.7","25.1","64.2","143.9","50.4","63.1","92.7","67.7","158.6","74.2","0.5","754.5"
"90","1996","11","Tamil Nadu","Madurai","12.1","4.6","4.2","116.6","29.6","90.4","52.9","92.7","113.9","248.1","62.9","97.6","925.6"
"90","1997","11","Tamil Nadu","Madurai","7.0","15.6","13.7","78.4","74.3","61.8","28.7","31.6","79.3","331.6","341.3","124.5","1187.8"
"90","1998","11","Tamil Nadu","Madurai","0.2","0.0","0.0","18.6","54.3","9.5","67.2","184.9","97.9","124.8","317.1","161.4","1035.9"
"90","1999","11","Tamil Nadu","Madurai","0.0","8.5","0.0","79.7","68.0","10.6","22.4","70.5","35.9","271.6","85.5","29.7","682.4"
"90","2000","11","Tamil Nadu","Madurai","16.4","94.2","0.0","34.8","65.0","20.1","39.2","66.9","190.3","69.2","101.5","55.3","752.9"
"90","2001","11","Tamil Nadu","Madurai","4.7","4.5","2.2","64.4","20.2","20.3","49.1","22.0","90.9","153.2","102.8","12.4","546.7"
"90","2002","11","Tamil Nadu","Madurai","0.0","57.4","9.1","21.0","50.1","38.6","10.2","59.1","63.6","227.3","103.2","18.8","658.4"
"90","2003","11","Tamil Nadu","Madurai","0.0","0.8","25.1","70.2","57.8","24.1","81.5","129.6","104.2","224.5","96.0","2.8","816.6"
"90","2004","11","Tamil Nadu","Madurai","5.5","0.0","20.2","38.6","156.7","36.4","60.1","19.8","227.4","226.6","116.5","4.6","912.4"
"90","2005","11","Tamil Nadu","Madurai","1.5","3.4","46.1","138.6","128.9","8.4","70.6","95.4","76.0","280.7","319.2","89.5","1258.3"
"90","2006","11","Tamil Nadu","Madurai","8.0","0.0","120.7","66.0","43.3","9.0","0.1","51.1","84.0","265.1","160.0","7.4","814.7"
"90","2007","11","Tamil Nadu","Madurai","8.2","1.9","0.0","38.2","43.0","51.7","8.8","117.8","24.5","181.4","84.4","206.7","766.6"
"90","2008","11","Tamil Nadu","Madurai","0.6","20.1","180.3","27.2","71.0","35.8","57.4","182.7","34.9","252.1","120.4","15.7","998.2"
"90","2009","11","Tamil Nadu","Madurai","8.1","0.0","55.5","42.8","74.7","42.3","103.7","42.7","81.9","80.0","274.7","27.8","834.2"
"90","2010","11","Tamil Nadu","Madurai","4.8","0.0","1.1","67.6","94.8","55.1","48.0","44.7","153.8","220.3","395.2","140.5","1225.9"
"90","2011","11","Tamil Nadu","Madurai","1.6","37.2","5.6","92.0","54.1","-1.0","-1.0","-1.0","-1.0","-1.0","-1.0","-1.0","-1.0"
"90","2012","11","Tamil Nadu","Madurai","10.8","0.0","0.0","49.9","79.0","5.9","28.2","61.6","91.8","182.3","35.5","3.4","548.4"
"90","2013","11","Tamil Nadu","Madurai","1.2","42.4","50.1","21.4","38.7","21.3","4.4","111.8","52.4","193.9","27.3","45.3","610.2"
"90","2014","11","Tamil Nadu","Madurai","6.1","0.0","0.4","3.5","183.5","32.5","16.0","105.0","73.7","213.3","85.0","25.2","744.2"
"90","2015","11","Tamil Nadu","Madurai","11.9","0.0","17.9","158.7","137.0","44.2","21.9","69.6","128.1","79.2","274.9","59.1","1002.5"
"91","1966","11","Tamil Nadu","Ramananthapuram","39.6","16.1","53.6","75.3","14.2","21.6","4.0","56.7","89.9","349.6","122.2","182.0","1024.8"
"91","1967","11","Tamil Nadu","Ramananthapuram","6.5","2.0","42.1","22.6","21.8","32.6","10.2","32.3","32.2","403.2","240.9","296.0","1142.3"
"91","1968","11","Tamil Nadu","Ramananthapuram","4.1","0.5","70.2","138.5","11.4","8.3","3.0","27.6","62.9","93.8","286.7","50.6","757.6"
"91","1969","11","Tamil Nadu","Ramananthapuram","10.6","43.2","8.9","26.3","42.0","5.0","12.8","79.2","31.0","221.5","169.7","268.9","918.9"
"91","1970","11","Tamil Nadu","Ramananthapuram","31.3","10.2","5.1","123.2","42.4","13.8","5.8","78.1","32.3","101.0","162.3","18.9","624.2"
"91","1971","11","Tamil Nadu","Ramananthapuram","7.1","3.1","76.3","46.9","41.9","13.3","16.8","123.4","48.6","181.8","67.3","298.9","925.5"
"91","1972","11","Tamil Nadu","Ramananthapuram","10.8","0.0","0.0","8.2","159.3","20.4","39.2","23.2","99.9","374.2","149.2","124.4","1008.8"
"91","1973","11","Tamil Nadu","Ramananthapuram","0.0","2.1","6.4","21.6","17.9","28.0","38.0","27.2","40.1","261.4","74.0","207.8","724.4"
"91","1974","11","Tamil Nadu","Ramananthapuram","1.4","45.7","24.5","30.6","32.8","4.3","27.7","19.8","74.2","69.8","16.8","59.7","407.2"
"91","1975","11","Tamil Nadu","Ramananthapuram","5.7","4.7","71.0","27.1","18.4","1.0","84.4","35.7","45.1","124.7","113.7","93.7","625.2"
"91","1976","11","Tamil Nadu","Ramananthapuram","0.3","0.0","20.5","33.1","5.8","10.4","1.8","18.7","23.8","89.9","226.4","89.3","520.0"
"91","1977","11","Tamil Nadu","Ramananthapuram","2.4","37.1","15.7","55.5","99.9","3.3","41.8","40.0","27.4","479.7","310.9","28.4","1142.1"
"91","1978","11","Tamil Nadu","Ramananthapuram","0.4","6.4","1.3","13.2","14.5","6.0","32.4","6.5","30.9","168.4","112.3","382.5","774.7"
"91","1979","11","Tamil Nadu","Ramananthapuram","0.0","6.3","15.0","14.2","4.2","5.8","15.5","40.2","75.8","129.6","416.0","133.2","855.7"
"91","1980","11","Tamil Nadu","Ramananthapuram","0.2","0.0","7.9","58.2","47.2","7.8","9.5","17.4","76.6","160.0","124.7","24.4","533.7"
"91","1981","11","Tamil Nadu","Ramananthapuram","6.3","0.9","11.6","25.1","70.2","9.3","87.4","36.8","132.0","234.6","118.2","159.3","891.8"
"91","1982","11","Tamil Nadu","Ramananthapuram","0.0","0.0","12.1","18.4","33.7","10.8","7.7","4.9","36.3","138.9","328.2","118.9","709.9"
"91","1983","11","Tamil Nadu","Ramananthapuram","0.9","0.0","0.0","5.8","45.4","33.9","16.3","33.7","36.3","110.5","195.0","298.6","776.3"
"91","1984","11","Tamil Nadu","Ramananthapuram","88.0","218.0","120.8","128.9","0.3","0.2","46.5","25.7","71.9","66.8","175.3","61.5","1003.7"
"91","1985","11","Tamil Nadu","Ramananthapuram","193.7","32.0","43.9","12.1","24.0","17.5","30.7","58.3","104.3","78.6","211.7","75.8","882.7"
"91","1986","11","Tamil Nadu","Ramananthapuram","26.5","46.2","3.3","19.4","37.3","2.9","30.3","2.9","47.0","158.0","123.4","170.2","667.4"
"91","1987","11","Tamil Nadu","Ramananthapuram","15.6","0.3","10.6","9.6","69.5","19.9","1.4","15.8","70.0","348.6","193.5","167.3","922.1"
"91","1988","11","Tamil Nadu","Ramananthapuram","0.6","3.7","31.2","97.0","7.8","28.3","25.1","71.2","94.0","47.8","126.4","56.7","589.8"
"91","1989","11","Tamil Nadu","Ramananthapuram","16.1","0.0","52.0","50.0","45.4","37.0","49.4","19.1","72.2","197.3","182.3","71.9","792.6"
"91","1990","11","Tamil Nadu","Ramananthapuram","161.7","0.5","16.3","5.5","83.8","5.5","3.1","29.0","59.7","275.9","186.9","95.0","922.9"
"91","1991","11","Tamil Nadu","Ramananthapuram","97.9","14.1","29.6","28.3","5.2","39.9","4.1","20.3","35.8","196.5","151.1","54.6","677.4"
"91","1992","11","Tamil Nadu","Ramananthapuram","0.5","0.0","0.0","21.2","39.5","7.8","14.1","23.2","66.0","132.7","319.8","118.0","742.8"
"91","1993","11","Tamil Nadu","Ramananthapuram","2.8","2.4","0.5","4.2","23.0","39.9","8.7","15.4","37.8","243.2","398.6","273.6","1050.1"
"91","1994","11","Tamil Nadu","Ramananthapuram","7.4","33.8","3.9","44.1","18.7","5.1","8.8","6.9","14.0","239.8","264.7","15.0","662.2"
"91","1995","11","Tamil Nadu","Ramananthapuram","45.7","8.1","7.2","74.0","53.0","30.0","21.9","19.0","19.0","124.6","98.5","17.6","518.6"
"91","1996","11","Tamil Nadu","Ramananthapuram","31.4","1.2","1.2","72.2","8.5","61.5","13.8","44.3","70.7","229.2","136.6","188.5","859.1"
"91","1997","11","Tamil Nadu","Ramananthapuram","30.3","18.9","23.1","27.2","25.1","3.1","33.9","11.3","59.1","273.6","351.8","286.9","1144.3"
"91","1998","11","Tamil Nadu","Ramananthapuram","38.0","0.2","0.0","9.2","118.9","4.2","89.0","76.6","75.7","91.3","248.2","219.4","970.7"
"91","1999","11","Tamil Nadu","Ramananthapuram","46.5","51.1","0.0","33.9","21.7","16.6","7.7","39.6","23.4","214.7","126.8","37.2","619.2"
"91","2000","11","Tamil Nadu","Ramananthapuram","98.7","73.4","8.0","56.0","14.9","17.8","8.9","25.9","156.0","115.9","201.9","174.0","951.4"
"91","2001","11","Tamil Nadu","Ramananthapuram","39.4","15.5","0.0","162.7","14.5","49.9","33.2","27.2","49.2","146.9","181.9","86.5","806.9"
"91","2002","11","Tamil Nadu","Ramananthapuram","4.5","177.1","0.8","7.9","66.1","12.7","5.0","6.0","22.1","279.7","211.5","78.5","871.9"
"91","2003","11","Tamil Nadu","Ramananthapuram","4.1","10.4","21.8","74.9","51.2","22.4","28.7","45.9","21.6","128.0","284.0","16.2","709.2"
"91","2004","11","Tamil Nadu","Ramananthapuram","0.3","12.1","3.2","20.5","140.3","6.3","37.4","5.6","180.2","363.7","250.4","96.7","1116.7"
"91","2005","11","Tamil Nadu","Ramananthapuram","11.8","25.8","14.1","261.3","60.6","23.0","48.4","12.9","51.7","267.0","254.0","244.2","1274.8"
"91","2006","11","Tamil Nadu","Ramananthapuram","23.8","0.1","865.0","22.4","10.8","5.5","1.4","23.9","46.8","368.8","251.8","14.2","1634.5"
"91","2007","11","Tamil Nadu","Ramananthapuram","52.0","21.8","0.3","33.2","19.9","25.1","32.9","54.2","38.3","230.2","72.2","207.7","787.8"
"91","2008","11","Tamil Nadu","Ramananthapuram","9.2","56.6","376.6","55.7","0.0","19.9","31.2","75.4","19.1","329.4","311.7","193.1","1477.9"
"91","2009","11","Tamil Nadu","Ramananthapuram","18.8","0.0","24.1","102.1","11.2","1.7","0.0","16.5","60.1","38.8","264.1","28.2","565.6"
"91","2010","11","Tamil Nadu","Ramananthapuram","0.1","0.0","0.0","20.6","73.1","17.9","44.3","88.6","123.3","192.5","390.1","154.1","1104.6"
"91","2011","11","Tamil Nadu","Ramananthapuram","16.6","15.4","2.0","63.0","7.2","-1.0","-1.0","-1.0","-1.0","-1.0","-1.0","-1.0","-1.0"
"91","2012","11","Tamil Nadu","Ramananthapuram","5.0","2.2","4.9","31.6","10.0","0.0","16.2","27.4","57.2","279.7","53.6","48.7","536.5"
"91","2013","11","Tamil Nadu","Ramananthapuram","28.9","66.6","54.8","12.5","10.9","7.1","6.8","44.8","14.4","85.1","120.3","127.7","579.9"
"91","2014","11","Tamil Nadu","Ramananthapuram","40.0","15.7","0.0","3.2","180.6","0.0","0.2","38.1","46.5","297.2","239.6","74.6","935.7"
"91","2015","11","Tamil Nadu","Ramananthapuram","1.3","2.5","22.6","149.0","113.9","3.2","23.4","60.5","68.8","131.6","269.7","172.4","1018.9"
"92","1966","11","Tamil Nadu","Thirunelveli","12.6","8.5","41.0","35.0","21.5","24.7","22.6","6.1","70.7","236.0","139.1","112.3","730.1"
"92","1967","11","Tamil Nadu","Thirunelveli","15.3","1.0","50.8","43.1","81.5","59.7","13.3","20.6","15.0","262.7","123.0","42.7","728.7"
"92","1968","11","Tamil Nadu","Thirunelveli","20.3","16.5","118.1","101.4","4.0","24.4","73.6","4.5","29.2","126.2","146.5","94.1","758.8"
"92","1969","11","Tamil Nadu","Thirunelveli","6.8","29.9","2.5","98.4","30.3","7.9","84.2","91.6","15.4","139.8","122.5","144.9","774.3"
"92","1970","11","Tamil Nadu","Thirunelveli","38.5","33.1","38.0","118.2","43.2","12.2","9.3","18.1","30.1","195.5","126.7","61.4","724.2"
"92","1971","11","Tamil Nadu","Thirunelveli","57.0","17.8","86.0","45.7","40.0","74.1","25.9","19.9","33.8","132.2","106.2","346.3","984.9"
"92","1972","11","Tamil Nadu","Thirunelveli","18.2","0.0","15.1","21.6","145.8","17.2","45.2","17.1","77.3","297.6","207.0","57.1","919.1"
"92","1973","11","Tamil Nadu","Thirunelveli","0.7","0.3","32.3","54.2","34.2","44.5","46.2","15.0","20.8","211.2","168.8","275.1","903.4"
"92","1974","11","Tamil Nadu","Thirunelveli","0.8","55.7","14.0","89.1","57.2","6.9","29.6","35.0","53.4","36.9","139.9","39.2","557.9"
"92","1975","11","Tamil Nadu","Thirunelveli","6.9","41.8","48.9","61.3","13.0","54.1","37.6","26.3","67.9","21.2","74.4","39.8","493.2"
"92","1976","11","Tamil Nadu","Thirunelveli","0.4","1.5","37.9","53.6","13.7","12.5","8.9","24.5","20.7","90.8","290.5","90.7","645.5"
"92","1977","11","Tamil Nadu","Thirunelveli","1.0","144.5","56.4","58.1","121.3","9.8","18.6","12.7","34.4","315.6","378.1","47.6","1198.2"
"92","1978","11","Tamil Nadu","Thirunelveli","5.1","45.5","56.7","39.6","46.4","21.5","16.8","20.0","7.8","133.9","257.0","160.2","810.5"
"92","1979","11","Tamil Nadu","Thirunelveli","2.2","69.7","25.9","24.0","44.3","32.1","26.2","19.9","86.3","221.2","583.2","120.9","1256.0"
"92","1980","11","Tamil Nadu","Thirunelveli","0.0","0.0","11.2","113.6","21.0","29.8","25.3","8.4","41.8","106.5","215.7","148.1","721.6"
"92","1981","11","Tamil Nadu","Thirunelveli","3.5","10.0","18.8","56.8","46.7","58.7","14.2","28.3","54.4","156.5","93.3","105.2","646.3"
"92","1982","11","Tamil Nadu","Thirunelveli","0.0","1.2","11.4","56.5","49.0","26.6","30.5","6.6","37.2","152.8","260.6","70.0","702.3"
"92","1983","11","Tamil Nadu","Thirunelveli","0.1","0.0","0.0","9.7","21.3","30.5","22.4","27.3","16.7","121.6","176.3","158.7","584.5"
"92","1984","11","Tamil Nadu","Thirunelveli","88.8","208.7","228.0","77.8","9.6","30.0","15.4","3.8","63.6","96.6","152.5","15.5","990.2"
"92","1985","11","Tamil Nadu","Thirunelveli","160.0","33.1","30.5","40.1","17.5","37.9","11.9","5.9","42.6","146.4","208.0","66.9","800.8"
"92","1986","11","Tamil Nadu","Thirunelveli","25.2","87.8","43.1","21.6","31.8","4.1","6.8","41.0","5.6","152.8","49.0","92.6","561.5"
"92","1987","11","Tamil Nadu","Thirunelveli","25.8","2.9","41.1","34.4","49.5","12.2","3.0","17.0","87.0","0.0","0.0","179.4","452.3"
"92","1988","11","Tamil Nadu","Thirunelveli","0.1","10.6","85.6","127.7","10.9","38.2","31.4","26.0","24.7","97.5","220.2","41.6","714.5"
"92","1989","11","Tamil Nadu","Thirunelveli","7.8","0.0","65.9","67.9","35.5","50.2","96.2","12.4","29.5","135.3","179.3","54.7","734.7"
"92","1990","11","Tamil Nadu","Thirunelveli","106.5","11.5","44.0","20.8","23.1","14.9","6.3","9.5","7.1","312.3","234.6","92.1","882.7"
"92","1991","11","Tamil Nadu","Thirunelveli","62.5","19.5","75.5","34.6","34.2","153.8","77.5","7.6","21.2","209.0","158.8","32.1","886.3"
"92","1992","11","Tamil Nadu","Thirunelveli","4.0","0.0","0.0","75.6","102.2","56.4","54.1","31.7","90.4","153.6","420.6","101.4","1090.0"
"92","1993","11","Tamil Nadu","Thirunelveli","0.1","6.1","19.9","41.2","39.6","23.7","23.9","18.6","29.8","182.6","458.6","213.9","1058.0"
"92","1994","11","Tamil Nadu","Thirunelveli","42.9","103.4","53.8","132.7","18.4","33.9","67.4","37.6","27.8","209.6","305.1","10.7","1043.3"
"92","1995","11","Tamil Nadu","Thirunelveli","38.8","33.8","32.8","99.8","129.5","29.4","20.2","45.5","27.1","164.8","200.4","1.5","823.6"
"92","1996","11","Tamil Nadu","Thirunelveli","27.8","28.2","4.5","97.8","23.1","45.3","29.4","28.9","29.5","208.5","93.4","149.3","765.7"
"92","1997","11","Tamil Nadu","Thirunelveli","12.1","32.4","17.6","62.1","50.9","5.0","11.0","13.6","40.5","305.2","440.5","201.6","1192.5"
"92","1998","11","Tamil Nadu","Thirunelveli","4.5","0.9","0.0","11.4","104.4","23.8","58.7","31.9","1.1","70.9","183.1","308.4","799.1"
"92","1999","11","Tamil Nadu","Thirunelveli","6.1","76.9","0.3","32.3","26.2","42.1","12.3","3.2","44.2","179.9","224.9","56.2","704.6"
"92","2000","11","Tamil Nadu","Thirunelveli","53.8","116.0","19.5","17.0","19.6","39.3","7.7","75.2","53.0","19.2","177.2","104.7","702.2"
"92","2001","11","Tamil Nadu","Thirunelveli","63.3","30.0","17.4","100.5","24.7","28.4","27.1","8.6","21.3","127.0","179.0","87.1","714.4"
"92","2002","11","Tamil Nadu","Thirunelveli","6.6","65.3","23.4","74.4","72.6","4.7","4.3","40.3","7.3","210.7","279.0","17.1","805.7"
"92","2003","11","Tamil Nadu","Thirunelveli","0.6","71.3","64.4","89.5","25.2","118.0","17.5","13.6","6.8","190.7","303.2","59.5","960.3"
"92","2004","11","Tamil Nadu","Thirunelveli","34.3","14.3","6.1","85.9","128.2","64.6","10.0","28.8","105.3","238.8","293.1","35.4","1044.8"
"92","2005","11","Tamil Nadu","Thirunelveli","5.6","23.5","70.0","204.7","22.3","18.0","82.5","17.8","29.5","76.0","265.8","206.9","1022.6"
"92","2006","11","Tamil Nadu","Thirunelveli","69.2","3.2","120.7","28.6","34.9","26.4","26.7","25.4","44.0","382.9","393.9","21.1","1177.0"
"92","2007","11","Tamil Nadu","Thirunelveli","19.8","0.1","7.5","119.7","9.1","94.2","48.0","31.0","84.4","152.3","161.2","113.0","840.3"
"92","2008","11","Tamil Nadu","Thirunelveli","9.4","58.2","400.5","106.4","2.9","11.0","38.9","74.0","21.3","315.3","171.3","77.5","1286.7"
"92","2009","11","Tamil Nadu","Thirunelveli","8.2","0.0","28.2","69.9","25.8","1.2","0.7","18.7","33.9","56.0","386.6","47.9","677.1"
"92","2010","11","Tamil Nadu","Thirunelveli","23.3","0.0","0.0","18.9","47.5","26.0","63.4","15.6","84.6","111.9","291.7","152.2","835.1"
"92","2011","11","Tamil Nadu","Thirunelveli","21.9","52.6","44.7","78.0","5.0","-1.0","-1.0","-1.0","-1.0","-1.0","-1.0","-1.0","-1.0"
"92","2012","11","Tamil Nadu","Thirunelveli","40.8","29.9","30.4","61.8","8.5","1.0","16.0","12.6","7.3","302.7","139.1","74.0","724.1"
"92","2013","11","Tamil Nadu","Thirunelveli","2.1","96.8","119.4","24.8","25.5","111.8","50.5","29.2","45.5","57.5","263.8","91.5","918.4"
"92","2014","11","Tamil Nadu","Thirunelveli","60.8","9.6","58.0","39.4","216.7","8.5","14.1","56.7","39.5","393.4","294.2","159.9","1350.8"
"92","2015","11","Tamil Nadu","Thirunelveli","4.9","14.6","76.1","139.0","102.8","59.5","14.2","10.3","74.8","247.9","522.0","281.6","1547.7"
"93","1966","11","Tamil Nadu","The Nilgiris","87.8","8.6","20.3","86.3","44.6","126.1","411.3","141.4","338.2","394.8","419.6","73.5","2152.4"
"93","1967","11","Tamil Nadu","The Nilgiris","67.7","0.0","7.2","34.3","107.3","234.1","378.6","216.2","77.0","194.4","101.1","98.6","1516.5"
"93","1968","11","Tamil Nadu","The Nilgiris","7.7","69.7","106.6","119.6","101.0","181.2","354.3","188.0","167.1","155.5","126.3","146.7","1723.6"
"93","1969","11","Tamil Nadu","The Nilgiris","1.9","6.5","7.1","89.4","82.7","129.7","456.9","291.6","125.1","325.7","180.6","133.1","1830.2"
"93","1970","11","Tamil Nadu","The Nilgiris","15.8","27.8","21.3","133.7","221.9","135.1","241.2","260.3","129.5","275.0","159.9","14.9","1636.3"
"93","1971","11","Tamil Nadu","The Nilgiris","27.1","5.2","70.9","55.9","146.9","147.1","191.7","235.8","259.5","313.3","81.0","110.3","1644.7"
"93","1972","11","Tamil Nadu","The Nilgiris","0.5","2.7","0.0","33.1","251.3","114.3","129.3","132.4","229.8","309.8","144.2","289.9","1637.3"
"93","1973","11","Tamil Nadu","The Nilgiris","0.0","0.3","5.9","26.7","150.8","178.6","410.1","213.4","112.3","228.4","64.1","96.6","1487.2"
"93","1974","11","Tamil Nadu","The Nilgiris","0.3","0.9","5.1","122.6","122.8","84.9","344.2","303.0","264.6","123.6","63.9","15.0","1450.9"
"93","1975","11","Tamil Nadu","The Nilgiris","17.2","6.6","56.0","40.1","175.4","335.6","306.6","366.2","316.7","201.5","77.9","9.0","1908.8"
"93","1976","11","Tamil Nadu","The Nilgiris","0.0","0.0","14.6","133.1","77.1","83.9","239.1","329.4","181.1","166.6","243.8","19.8","1488.5"
"93","1977","11","Tamil Nadu","The Nilgiris","0.0","25.7","13.7","80.6","206.5","276.7","279.0","171.7","280.9","367.2","375.1","2.8","2079.9"
"93","1978","11","Tamil Nadu","The Nilgiris","13.6","37.0","2.2","78.6","74.3","216.3","261.2","328.6","134.1","199.0","554.7","121.2","2020.6"
"93","1979","11","Tamil Nadu","The Nilgiris","0.1","124.4","27.4","46.1","38.6","165.9","255.2","324.8","235.2","204.0","535.8","48.3","2005.8"
"93","1980","11","Tamil Nadu","The Nilgiris","0.0","0.1","22.7","61.3","105.7","349.2","330.9","155.8","133.2","133.7","226.0","8.4","1526.8"
"93","1981","11","Tamil Nadu","The Nilgiris","5.2","0.0","60.9","53.8","96.6","254.3","245.6","376.9","281.6","328.9","104.1","55.8","1863.6"
"93","1982","11","Tamil Nadu","The Nilgiris","0.4","0.0","4.6","31.1","112.3","198.6","198.8","262.8","112.2","203.2","239.4","15.8","1379.3"
"93","1983","11","Tamil Nadu","The Nilgiris","6.6","0.0","11.0","12.3","99.3","185.6","252.4","289.6","276.8","193.3","63.0","229.6","1619.5"
"93","1984","11","Tamil Nadu","The Nilgiris","109.2","109.4","246.6","94.1","71.4","305.6","408.6","172.8","197.4","311.2","37.0","108.5","2171.8"
"93","1985","11","Tamil Nadu","The Nilgiris","41.7","1.5","6.5","118.4","44.7","292.7","132.3","199.1","212.2","126.2","165.2","126.1","1466.6"
"93","1986","11","Tamil Nadu","The Nilgiris","55.7","88.9","40.2","34.4","85.2","262.5","143.9","230.8","173.2","192.4","103.7","116.0","1527.0"
"93","1987","11","Tamil Nadu","The Nilgiris","17.9","28.2","26.6","18.6","88.6","125.4","68.8","203.2","108.4","322.2","285.8","236.7","1530.4"
"93","1988","11","Tamil Nadu","The Nilgiris","1.8","12.5","42.1","107.1","92.4","130.6","330.1","219.7","239.6","75.7","73.5","53.8","1379.0"
"93","1989","11","Tamil Nadu","The Nilgiris","2.8","0.0","42.2","71.6","54.5","171.1","404.5","112.2","175.8","155.5","122.9","33.0","1346.1"
"93","1990","11","Tamil Nadu","The Nilgiris","64.6","0.0","13.3","47.5","151.0","138.5","139.0","243.2","75.7","345.1","139.2","44.1","1401.2"
"93","1991","11","Tamil Nadu","The Nilgiris","19.1","0.0","6.9","94.6","60.7","272.4","360.3","187.8","126.8","315.8","169.7","3.6","1617.7"
"93","1992","11","Tamil Nadu","The Nilgiris","7.1","0.0","0.0","39.5","121.7","307.7","427.4","271.7","224.5","144.0","415.7","13.6","1972.9"
"93","1993","11","Tamil Nadu","The Nilgiris","0.0","5.0","24.7","9.6","84.8","240.0","280.9","268.8","95.8","257.9","353.9","104.2","1725.6"
"93","1994","11","Tamil Nadu","The Nilgiris","11.9","25.2","13.7","110.0","84.7","248.8","424.2","142.8","185.3","302.5","242.4","6.6","1798.1"
"93","1995","11","Tamil Nadu","The Nilgiris","38.6","0.0","33.2","53.2","100.5","172.3","314.4","207.6","187.6","141.5","133.3","0.3","1382.5"
"93","1996","11","Tamil Nadu","The Nilgiris","1.8","15.1","21.6","107.2","84.2","183.8","254.4","133.8","210.9","225.6","67.1","226.5","1532.0"
"93","1997","11","Tamil Nadu","The Nilgiris","38.0","24.3","38.4","28.5","78.1","116.6","299.8","257.6","114.0","258.0","181.5","74.6","1509.4"
"93","1998","11","Tamil Nadu","The Nilgiris","0.0","0.3","7.7","48.7","43.7","299.0","341.4","170.7","138.5","126.2","190.3","183.9","1550.4"
"93","1999","11","Tamil Nadu","The Nilgiris","0.0","21.9","8.6","96.8","142.5","133.8","334.9","136.1","84.5","465.9","129.8","32.9","1587.7"
"93","2000","11","Tamil Nadu","The Nilgiris","28.5","55.9","0.0","42.0","74.7","169.1","124.9","331.6","158.4","49.8","73.5","61.9","1170.3"
"93","2001","11","Tamil Nadu","The Nilgiris","2.4","1.4","8.2","129.5","44.8","172.6","255.9","179.5","108.6","98.1","89.3","17.9","1108.2"
"93","2002","11","Tamil Nadu","The Nilgiris","2.8","8.9","7.2","56.3","84.9","186.5","79.0","277.0","60.4","168.1","64.0","4.6","999.7"
"93","2003","11","Tamil Nadu","The Nilgiris","0.0","20.4","109.2","66.0","27.8","160.1","205.5","152.6","58.8","295.0","164.0","12.3","1271.7"
"93","2004","11","Tamil Nadu","The Nilgiris","32.9","16.3","3.6","65.9","358.4","341.9","109.5","221.1","271.2","326.6","236.5","1.6","1985.5"
"93","2005","11","Tamil Nadu","The Nilgiris","20.6","4.5","29.9","197.2","80.6","146.5","451.1","229.5","205.4","239.6","264.4","532.0","2401.3"
"93","2006","11","Tamil Nadu","The Nilgiris","23.8","0.0","75.6","66.4","182.7","195.6","155.1","139.1","164.1","351.4","271.1","33.6","1658.5"
"93","2007","11","Tamil Nadu","The Nilgiris","7.8","28.1","6.4","68.4","104.0","333.0","280.4","319.0","210.2","256.4","78.3","180.8","1872.8"
"93","2008","11","Tamil Nadu","The Nilgiris","5.0","188.6","286.9","52.2","99.7","294.7","353.8","292.2","127.2","423.9","55.3","37.1","2216.6"
"93","2009","11","Tamil Nadu","The Nilgiris","1.7","0.0","98.2","45.8","142.5","8.3","0.0","95.3","67.3","16.6","354.7","214.0","1044.4"
"93","2010","11","Tamil Nadu","The Nilgiris","13.0","0.0","0.0","0.0","54.5","271.3","373.1","336.0","231.3","237.1","307.7","65.1","1889.1"
"93","2011","11","Tamil Nadu","The Nilgiris","7.9","59.1","12.6","143.6","71.8","-1.0","-1.0","-1.0","-1.0","-1.0","-1.0","-1.0","-1.0"
"93","2012","11","Tamil Nadu","The Nilgiris","18.0","0.6","9.1","70.8","55.4","183.1","181.1","266.8","230.5","326.2","104.8","21.2","1467.6"
"93","2013","11","Tamil Nadu","The Nilgiris","0.9","16.9","57.9","74.1","114.0","203.9","288.7","177.2","202.5","215.2","126.5","56.4","1534.2"
"93","2014","11","Tamil Nadu","The Nilgiris","1.3","39.8","32.5","35.6","253.7","97.1","328.6","295.7","291.9","348.7","137.4","94.8","1957.1"
"93","2015","11","Tamil Nadu","The Nilgiris","1.2","0.3","137.3","140.5","227.7","305.4","93.8","96.7","152.2","152.7","346.2","66.7","1720.7"
"94","1966","11","Tamil Nadu","Kanyakumari","3.4","3.5","48.6","86.2","51.3","153.0","96.0","27.3","245.2","222.0","180.5","106.0","1222.9"
"94","1967","11","Tamil Nadu","Kanyakumari","35.6","0.2","59.1","76.2","198.8","293.5","112.7","113.8","102.0","257.6","49.5","27.7","1326.5"
"94","1968","11","Tamil Nadu","Kanyakumari","13.3","26.8","74.5","126.7","13.3","334.9","201.0","26.2","162.7","179.2","132.8","84.9","1376.3"
"94","1969","11","Tamil Nadu","Kanyakumari","2.2","2.5","34.0","134.2","97.7","69.7","141.7","118.8","51.8","315.0","157.2","117.2","1242.3"
"94","1970","11","Tamil Nadu","Kanyakumari","5.8","27.4","52.3","168.8","150.4","98.1","46.2","75.4","71.5","528.5","174.8","24.3","1423.5"
"94","1971","11","Tamil Nadu","Kanyakumari","59.2","32.8","74.0","116.7","124.3","283.3","101.3","96.3","164.2","164.3","97.0","161.6","1475.1"
"94","1972","11","Tamil Nadu","Kanyakumari","0.1","0.0","7.8","74.4","302.9","43.4","211.6","27.9","189.6","447.8","134.0","76.4","1515.9"
"94","1973","11","Tamil Nadu","Kanyakumari","0.0","0.1","26.8","172.0","76.0","308.5","101.5","56.7","16.3","290.2","136.7","116.7","1301.5"
"94","1974","11","Tamil Nadu","Kanyakumari","0.0","42.0","6.8","146.0","205.6","53.6","136.2","226.2","231.6","109.2","96.0","8.0","1261.1"
"94","1975","11","Tamil Nadu","Kanyakumari","2.1","18.4","45.1","263.5","92.6","225.3","84.6","112.0","194.5","181.7","243.8","32.9","1496.5"
"94","1976","11","Tamil Nadu","Kanyakumari","1.3","0.0","54.6","128.1","61.6","43.7","61.2","87.8","27.7","269.3","331.1","25.1","1091.4"
"94","1977","11","Tamil Nadu","Kanyakumari","0.0","63.6","47.9","143.4","289.7","104.1","90.2","62.5","73.3","509.7","285.0","11.7","1681.0"
"94","1978","11","Tamil Nadu","Kanyakumari","15.9","5.4","56.3","70.3","117.0","106.5","85.9","92.3","32.9","199.8","551.6","43.7","1377.4"
"94","1979","11","Tamil Nadu","Kanyakumari","0.2","102.1","24.5","30.4","33.7","215.4","100.8","87.0","163.0","221.4","376.3","79.8","1434.7"
"94","1980","11","Tamil Nadu","Kanyakumari","0.0","0.0","36.3","111.0","86.7","192.8","74.1","61.1","71.4","163.4","201.0","165.1","1162.9"
"94","1981","11","Tamil Nadu","Kanyakumari","6.7","5.4","41.8","104.1","94.6","358.2","75.4","176.2","184.5","352.4","194.7","29.1","1623.1"
"94","1982","11","Tamil Nadu","Kanyakumari","0.0","0.0","13.6","75.0","171.8","244.3","123.4","59.6","33.6","171.5","189.1","14.8","1096.7"
"94","1983","11","Tamil Nadu","Kanyakumari","0.0","0.6","2.7","36.7","127.7","124.6","67.2","101.9","88.7","108.8","217.0","160.6","1036.4"
"94","1984","11","Tamil Nadu","Kanyakumari","30.3","91.6","134.1","159.6","34.8","161.2","86.4","8.7","129.0","269.7","105.2","5.9","1216.5"
"94","1985","11","Tamil Nadu","Kanyakumari","85.4","14.6","28.9","38.7","96.0","270.7","27.6","45.7","78.8","186.0","215.2","21.0","1108.7"
"94","1986","11","Tamil Nadu","Kanyakumari","10.4","81.3","11.1","74.0","62.8","65.5","47.2","151.7","55.4","159.9","134.4","14.5","868.2"
"94","1987","11","Tamil Nadu","Kanyakumari","11.6","0.3","41.7","99.7","110.7","112.8","14.1","129.7","163.0","408.6","400.1","130.9","1623.4"
"94","1988","11","Tamil Nadu","Kanyakumari","1.5","40.9","114.6","200.2","25.6","210.9","112.4","69.3","259.3","67.5","218.5","13.7","1334.4"
"94","1989","11","Tamil Nadu","Kanyakumari","0.4","0.0","42.1","88.1","49.5","274.3","148.4","46.2","144.3","199.2","169.1","12.2","1173.6"
"94","2012","11","Tamil Nadu","Kanyakumari","26.3","4.9","7.3","125.4","15.2","68.4","59.2","93.8","36.9","226.6","122.2","24.6","810.8"
"94","2013","11","Tamil Nadu","Kanyakumari","24.7","70.3","32.3","26.2","64.0","266.8","114.1","43.6","79.0","78.0","325.8","76.6","1201.4"
"94","2014","11","Tamil Nadu","Kanyakumari","49.2","16.2","7.0","41.0","293.6","47.5","29.3","263.7","73.7","233.1","214.4","47.5","1316.2"
"94","2015","11","Tamil Nadu","Kanyakumari","10.0","12.5","48.5","169.2","260.5","247.9","38.2","32.9","214.0","382.8","267.8","129.8","1814.1"
"999","1990","11","Tamil Nadu","Chennai","6.5","2.9","16.0","0.0","408.0","20.3","96.7","55.7","195.0","573.5","309.3","91.9","1775.8"
"999","1991","11","Tamil Nadu","Chennai","4.0","1.0","0.0","0.0","0.0","263.9","79.3","106.7","189.0","320.2","466.9","1.5","1432.5"
"999","1992","11","Tamil Nadu","Chennai","12.3","0.0","0.0","38.6","50.3","6.1","85.9","170.5","80.5","90.0","535.4","102.3","1171.9"
"999","1993","11","Tamil Nadu","Chennai","0.0","0.0","2.0","0.0","58.1","49.4","72.2","112.1","52.9","258.1","355.1","283.7","1243.6"
"999","1994","11","Tamil Nadu","Chennai","0.2","9.8","0.0","0.0","75.0","53.1","77.1","102.7","38.3","402.3","551.1","225.2","1534.8"
"999","1995","11","Tamil Nadu","Chennai","172.6","0.0","32.5","0.0","304.3","18.9","103.1","256.8","186.7","249.1","274.3","0.9","1089.8"
"999","1996","11","Tamil Nadu","Chennai","0.9","0.0","0.0","15.8","15.0","697.5","65.4","77.4","314.5","446.6","333.3","442.5","2408.9"
"999","1997","11","Tamil Nadu","Chennai","8.3","8.9","0.0","50.2","0.6","75.6","40.5","92.1","141.2","265.3","822.1","418.1","1922.9"
"999","1998","11","Tamil Nadu","Chennai","1.2","0.0","1.9","12.6","26.2","34.5","92.3","113.2","62.8","144.9","400.2","226.2","1116.0"
"999","1999","11","Tamil Nadu","Chennai","7.6","0.1","0.0","52.5","9.2","110.2","74.5","188.4","148.6","273.9","176.3","67.5","1108.8"
"999","2000","11","Tamil Nadu","Chennai","0.3","211.3","0.7","15.9","20.5","92.7","132.8","68.7","157.5","219.4","183.0","45.8","1148.6"
"999","2001","11","Tamil Nadu","Chennai","0.9","0.0","0.0","91.3","16.9","47.7","224.4","55.0","146.0","422.9","319.8","281.0","1605.9"
"999","2002","11","Tamil Nadu","Chennai","65.1","3.7","0.0","0.0","26.0","23.6","70.1","133.4","131.0","356.7","511.7","36.7","1358.0"
"999","2003","11","Tamil Nadu","Chennai","0.6","0.0","10.4","0.4","5.2","38.7","143.6","152.5","130.1","203.1","84.1","59.2","827.9"
"999","2004","11","Tamil Nadu","Chennai","37.7","0.0","2.6","10.6","232.7","54.6","51.0","49.7","261.7","329.6","257.7","10.8","1298.7"
"999","2005","11","Tamil Nadu","Chennai","1.2","5.9","0.8","122.7","41.7","22.5","121.0","60.3","121.0","938.7","603.7","442.1","2481.6"
"999","2006","11","Tamil Nadu","Chennai","2.6","0.0","17.9","10.6","16.1","59.1","100.9","139.2","134.1","646.6","257.9","20.6","1405.6"
"999","2007","11","Tamil Nadu","Chennai","0.0","14.4","0.0","5.3","1.8","100.1","218.7","196.1","161.7","253.7","99.5","242.8","1294.1"
"999","2008","11","Tamil Nadu","Chennai","63.1","11.2","114.2","11.7","0.1","65.1","23.0","100.5","97.1","347.7","521.1","6.8","1361.6"
"999","2009","11","Tamil Nadu","Chennai","13.1","0.0","0.7","0.0","14.0","0.0","0.0","0.0","0.0","0.0","0.0","0.0","27.8"
"999","2010","11","Tamil Nadu","Chennai","0.0","0.0","0.0","0.0","0.0","120.2","146.0","195.1","107.5","164.6","224.2","263.7","1221.3"
"999","2011","11","Tamil Nadu","Chennai","11.8","41.8","0.0","19.4","10.0","-1.0","-1.0","-1.0","-1.0","-1.0","-1.0","-1.0","-1.0"
"999","2012","11","Tamil Nadu","Chennai","17.0","0.0","0.5","0.0","0.0","21.2","67.3","94.5","164.0","394.3","39.2","134.4","932.4"
"999","2013","11","Tamil Nadu","Chennai","0.0","16.9","25.1","1.9","1.8","40.3","154.7","194.8","210.2","195.4","174.4","93.7","1109.2"
"999","2014","11","Tamil Nadu","Chennai","0.0","7.1","0.0","0.0","30.5","141.6","47.3","210.9","129.6","386.0","182.4","151.2","1286.6"
"999","2015","11","Tamil Nadu","Chennai","14.0","0.0","0.0","52.8","6.4","26.4","153.5","120.5","69.5","149.0","1017.7","447.8","2057.6"